id,name,chamber,party,state,electorate,occupation,sector_hint,source
316915,"ABDO, Basem",Member,Australian Labor Party,Vic,Calwell,Not recorded,Unknown,https://handbook.aph.gov.au/parliamentarians/316915
R36,"ALBANESE, the Hon. Anthony Norman",Member,Australian Labor Party,NSW,Grayndler,"Senior Policy Adviser to the Premier, the Hon. R Carr (NSW) from 1995 to 1996.",Political employment,https://handbook.aph.gov.au/parliamentarians/R36
R36,"ALBANESE, the Hon. Anthony Norman",Member,Australian Labor Party,NSW,Grayndler,Party official from 1989 to 1995.,Political employment,https://handbook.aph.gov.au/parliamentarians/R36
R36,"ALBANESE, the Hon. Anthony Norman",Member,Australian Labor Party,NSW,Grayndler,"Research officer to the Minister for Local Government and Administrative Services, the Hon. T Uren, MP from 1985 to 1989.",Political employment,https://handbook.aph.gov.au/parliamentarians/R36
R36,"ALBANESE, the Hon. Anthony Norman",Member,Australian Labor Party,NSW,Grayndler,Bank officer from 1980 to 1981.,Employer sector not determined,https://handbook.aph.gov.au/parliamentarians/R36
11788,"ALDRED, Mary",Member,Liberal Party of Australia,Vic,Monash,Head of Corporate Affairs for Fujitsu Asia Pacific.,Employer sector not determined,https://handbook.aph.gov.au/parliamentarians/11788
11788,"ALDRED, Mary",Member,Liberal Party of Australia,Vic,Monash,Chief Executive Officer for the Franchise Council of Australia.,Employer sector not determined,https://handbook.aph.gov.au/parliamentarians/11788
11788,"ALDRED, Mary",Member,Liberal Party of Australia,Vic,Monash,Chief Executive Officer for the Committee for Gippsland.,Employer sector not determined,https://handbook.aph.gov.au/parliamentarians/11788
11788,"ALDRED, Mary",Member,Liberal Party of Australia,Vic,Monash,Farmhand at family business.,Employer sector not determined,https://handbook.aph.gov.au/parliamentarians/11788
298839,"ALLMAN-PAYNE, Penny",Senator,Australian Greens,Qld,,Lawyer from 2007 to 2012.,Employer sector not determined,https://handbook.aph.gov.au/parliamentarians/298839
298839,"ALLMAN-PAYNE, Penny",Senator,Australian Greens,Qld,,Secondary School Teacher from 1993 to 2022.,Employer sector not determined,https://handbook.aph.gov.au/parliamentarians/298839
13050,"ALY, the Hon. Dr Anne",Member,Australian Labor Party,WA,Cowan,"Professorial Fellow, 2015.",Employer sector not determined,https://handbook.aph.gov.au/parliamentarians/13050
13050,"ALY, the Hon. Dr Anne",Member,Australian Labor Party,WA,Cowan,Associate Professor at Curtin University from 2014 to 2015.,Employer sector not determined,https://handbook.aph.gov.au/parliamentarians/13050
13050,"ALY, the Hon. Dr Anne",Member,Australian Labor Party,WA,Cowan,Senior Lecturer at Curtin University and Edith Cowan University from 2011 to 2014.,Employer sector not determined,https://handbook.aph.gov.au/parliamentarians/13050
13050,"ALY, the Hon. Dr Anne",Member,Australian Labor Party,WA,Cowan,Manager of Training and Education at the Equal Opportunity Commission (WA) from 2007 to 2008.,Employer sector not determined,https://handbook.aph.gov.au/parliamentarians/13050
13050,"ALY, the Hon. Dr Anne",Member,Australian Labor Party,WA,Cowan,Senior Policy Officer at the Office of Multicultural Interests (WA) from 2002 to 2007.,Employer sector not determined,https://handbook.aph.gov.au/parliamentarians/13050
13050,"ALY, the Hon. Dr Anne",Member,Australian Labor Party,WA,Cowan,"Senior Policy Officer at the Department of Education and Training (WA), from 2001 to 2002.",Employer sector not determined,https://handbook.aph.gov.au/parliamentarians/13050
315618,"AMBIHAIPAHAR, Ashvini (Ash)",Member,Australian Labor Party,NSW,Barton,"Regional Director, St Vincent de Paul Society (NSW)",Employer sector not determined,https://handbook.aph.gov.au/parliamentarians/315618
315618,"AMBIHAIPAHAR, Ashvini (Ash)",Member,Australian Labor Party,NSW,Barton,"Senior Lawyer, the Australian Hotels Association (NSW)",Employer sector not determined,https://handbook.aph.gov.au/parliamentarians/315618
315618,"AMBIHAIPAHAR, Ashvini (Ash)",Member,Australian Labor Party,NSW,Barton,"Senior Associate, Hospitality Legal Pty Ltd",Employer sector not determined,https://handbook.aph.gov.au/parliamentarians/315618
315618,"AMBIHAIPAHAR, Ashvini (Ash)",Member,Australian Labor Party,NSW,Barton,"Legal Counsel, the Electrical Trades Union of Australia",Union / worker organisation,https://handbook.aph.gov.au/parliamentarians/315618
315618,"AMBIHAIPAHAR, Ashvini (Ash)",Member,Australian Labor Party,NSW,Barton,"Legal Counsel, the Australian Nursing and Midwifery Federation (NSW Branch)",Employer sector not determined,https://handbook.aph.gov.au/parliamentarians/315618
315618,"AMBIHAIPAHAR, Ashvini (Ash)",Member,Australian Labor Party,NSW,Barton,Scientist/Anatomy Technical Officer at the University of Sydney,Employer sector not determined,https://handbook.aph.gov.au/parliamentarians/315618
290544,"ANANDA-RAJAH, Dr Michelle",Senator,Australian Labor Party,Vic,,Associate Editor from January 2021.,Employer sector not determined,https://handbook.aph.gov.au/parliamentarians/290544
290544,"ANANDA-RAJAH, Dr Michelle",Senator,Australian Labor Party,Vic,,Associate Professor from November 2020 to February 2021.,Employer sector not determined,https://handbook.aph.gov.au/parliamentarians/290544
290544,"ANANDA-RAJAH, Dr Michelle",Senator,Australian Labor Party,Vic,,Statistical and Methods Reviewer from July 2019 to August 2022.,Employer sector not determined,https://handbook.aph.gov.au/parliamentarians/290544
290544,"ANANDA-RAJAH, Dr Michelle",Senator,Australian Labor Party,Vic,,Research Fellow from 2019 to 2020.,Employer sector not determined,https://handbook.aph.gov.au/parliamentarians/290544
290544,"ANANDA-RAJAH, Dr Michelle",Senator,Australian Labor Party,Vic,,Medical Doctor from January 2009 to August 2022.,Employer sector not determined,https://handbook.aph.gov.au/parliamentarians/290544
269375,"ANTIC, Alexander (Alex) Charles",Senator,Liberal Party of Australia,SA,,Solicitor from 2002 to 2019.,Employer sector not determined,https://handbook.aph.gov.au/parliamentarians/269375
16913,"AYRES, the Hon. Timothy (Tim)",Senator,Australian Labor Party,NSW,,Secretary of the Australian Manufacturing Workers' Union (NSW/ACT Branch) from 2010 to 2017.,Union / worker organisation,https://handbook.aph.gov.au/parliamentarians/16913
16913,"AYRES, the Hon. Timothy (Tim)",Senator,Australian Labor Party,NSW,,Assistant Secretary for the Australian Manufacturing Workers' Union (NSW/ACT Branch) from 2004 to 2010.,Union / worker organisation,https://handbook.aph.gov.au/parliamentarians/16913
16913,"AYRES, the Hon. Timothy (Tim)",Senator,Australian Labor Party,NSW,,Organiser for the Australian Manufacturing Workers' Union (NSW/ACT Branch) from 1996 to 2004.,Union / worker organisation,https://handbook.aph.gov.au/parliamentarians/16913
300706,"BABET, Ralph",Senator,United Australia Party [2018],Vic,,Small business owner,Private enterprise (explicit role),https://handbook.aph.gov.au/parliamentarians/300706
315478,"BATT, David",Member,The Nationals,Qld,Hinkler,Community Resilience and Disaster Management Coordinator for the Bundaberg Regional Council from July 2021 to April 2025.,Employer sector not determined,https://handbook.aph.gov.au/parliamentarians/315478
315478,"BATT, David",Member,The Nationals,Qld,Hinkler,Police Officer (Detective Sergeant) of the Queensland Police Service from January 1989 to July 2012.,Public service / defence (explicit role),https://handbook.aph.gov.au/parliamentarians/315478
282981,"BELL, Angie Marion",Member,Liberal Party of Australia,Qld,Moncrieff,Electorate Officer for the Member for Currumbin (Qld) from February 2019 to April 2019.,Political employment,https://handbook.aph.gov.au/parliamentarians/282981
282981,"BELL, Angie Marion",Member,Liberal Party of Australia,Qld,Moncrieff,National Business Development Manager from January 2015 to October 2018.,Employer sector not determined,https://handbook.aph.gov.au/parliamentarians/282981
282981,"BELL, Angie Marion",Member,Liberal Party of Australia,Qld,Moncrieff,"Author, 2014.",Employer sector not determined,https://handbook.aph.gov.au/parliamentarians/282981
282981,"BELL, Angie Marion",Member,Liberal Party of Australia,Qld,Moncrieff,Visual Merchandising Project Manager from January 2010 to 2015.,Employer sector not determined,https://handbook.aph.gov.au/parliamentarians/282981
282981,"BELL, Angie Marion",Member,Liberal Party of Australia,Qld,Moncrieff,Retail Consultant and Workplace Trainer at the National Retail Association from January 2004 to 2015.,Employer sector not determined,https://handbook.aph.gov.au/parliamentarians/282981
282981,"BELL, Angie Marion",Member,Liberal Party of Australia,Qld,Moncrieff,Sales Agent (Qld) from 2002 to 2013.,Employer sector not determined,https://handbook.aph.gov.au/parliamentarians/282981
282981,"BELL, Angie Marion",Member,Liberal Party of Australia,Qld,Moncrieff,Sales Representative (NSW/Vic./Tas.) from 1998 to 2002.,Employer sector not determined,https://handbook.aph.gov.au/parliamentarians/282981
282981,"BELL, Angie Marion",Member,Liberal Party of Australia,Qld,Moncrieff,Professional Musician from 1985 to 2018.,Employer sector not determined,https://handbook.aph.gov.au/parliamentarians/282981
319142,"BELL, Sean Fredrick",Senator,One Nation,NSW,,One Nation Whips Clerk and Advisor,Employer sector not determined,https://handbook.aph.gov.au/parliamentarians/319142
319142,"BELL, Sean Fredrick",Senator,One Nation,NSW,,Claims Investigator,Employer sector not determined,https://handbook.aph.gov.au/parliamentarians/319142
319142,"BELL, Sean Fredrick",Senator,One Nation,NSW,,Manual Labourer,Employer sector not determined,https://handbook.aph.gov.au/parliamentarians/319142
309484,"BELYEA, Jodie Anne",Member,Australian Labor Party,Vic,Dunkley,Manager at the MEGT Foundation from 2022 to 2024.,Employer sector not determined,https://handbook.aph.gov.au/parliamentarians/309484
309484,"BELYEA, Jodie Anne",Member,Australian Labor Party,Vic,Dunkley,Managing Director from 2021 to 2024.,Employer sector not determined,https://handbook.aph.gov.au/parliamentarians/309484
309484,"BELYEA, Jodie Anne",Member,Australian Labor Party,Vic,Dunkley,Community Change Manager at Family Life from 2019 to 2021.,Employer sector not determined,https://handbook.aph.gov.au/parliamentarians/309484
309484,"BELYEA, Jodie Anne",Member,Australian Labor Party,Vic,Dunkley,Manager at Communities for Children from 2018 to 2019.,Employer sector not determined,https://handbook.aph.gov.au/parliamentarians/309484
309484,"BELYEA, Jodie Anne",Member,Australian Labor Party,Vic,Dunkley,Community Support Service Coordinator in Frankston South from 2017 to 2018.,Employer sector not determined,https://handbook.aph.gov.au/parliamentarians/309484
309484,"BELYEA, Jodie Anne",Member,Australian Labor Party,Vic,Dunkley,Partnerships Coordinator at Anglicare Victoria from 2015 to 2017.,Employer sector not determined,https://handbook.aph.gov.au/parliamentarians/309484
309484,"BELYEA, Jodie Anne",Member,Australian Labor Party,Vic,Dunkley,Executive Manager at the Jobs Australia Foundation from 2010 to 2015.,Employer sector not determined,https://handbook.aph.gov.au/parliamentarians/309484
309484,"BELYEA, Jodie Anne",Member,Australian Labor Party,Vic,Dunkley,Executive Manager at Connectus on the Premier's Drug Prevention Council from 2005 to 2007.,Employer sector not determined,https://handbook.aph.gov.au/parliamentarians/309484
23497,"BERRY, Carol",Member,Australian Labor Party,NSW,Whitlam,Chief Executive Officer,Employer sector not determined,https://handbook.aph.gov.au/parliamentarians/23497
23497,"BERRY, Carol",Member,Australian Labor Party,NSW,Whitlam,Lawyer,Employer sector not determined,https://handbook.aph.gov.au/parliamentarians/23497
23497,"BERRY, Carol",Member,Australian Labor Party,NSW,Whitlam,Director in the Federal Public Service,Public service / defence (explicit role),https://handbook.aph.gov.au/parliamentarians/23497
23497,"BERRY, Carol",Member,Australian Labor Party,NSW,Whitlam,Principal Project Officer,Employer sector not determined,https://handbook.aph.gov.au/parliamentarians/23497
288713,"BIRRELL, Samuel (Sam) James",Member,The Nationals,Vic,Nicholls,Chief Executive Officer from 1.3.2016 to 24.12.2021.,Employer sector not determined,https://handbook.aph.gov.au/parliamentarians/288713
288713,"BIRRELL, Samuel (Sam) James",Member,The Nationals,Vic,Nicholls,Agronomist from September 2008 to February 2016.,Employer sector not determined,https://handbook.aph.gov.au/parliamentarians/288713
288713,"BIRRELL, Samuel (Sam) James",Member,The Nationals,Vic,Nicholls,Agronomist from February 2002 to September 2008.,Employer sector not determined,https://handbook.aph.gov.au/parliamentarians/288713
25813,"BLEYER, Vanessa",Senator,Australian Greens,Tas,,Not recorded,Unknown,https://handbook.aph.gov.au/parliamentarians/25813
315170,"BLYTH, Leah",Senator,Liberal Party of Australia,SA,,Education Executive,Employer sector not determined,https://handbook.aph.gov.au/parliamentarians/315170
26417,"BOELE, Nicolette",Member,Independent,NSW,Bradfield,Expert Adviser (Electrification of Everything) at the Smart Energy Council from 2022 to 2023.,Employer sector not determined,https://handbook.aph.gov.au/parliamentarians/26417
26417,"BOELE, Nicolette",Member,Independent,NSW,Bradfield,Advisory Board Member at the Good Car Company from 2021 to 2024.,Employer sector not determined,https://handbook.aph.gov.au/parliamentarians/26417
26417,"BOELE, Nicolette",Member,Independent,NSW,Bradfield,Executive Manager at the Responsible Investment Association Australasia from 2015 to 2021.,Employer sector not determined,https://handbook.aph.gov.au/parliamentarians/26417
26417,"BOELE, Nicolette",Member,Independent,NSW,Bradfield,"Project Manager on Low Carbon Investment Registry at the Investor Group on Climate Change , 2014.",Employer sector not determined,https://handbook.aph.gov.au/parliamentarians/26417
26417,"BOELE, Nicolette",Member,Independent,NSW,Bradfield,Acting Chief of External Affairs at the Clean Energy Finance Corporation from 2012 to 2013.,Employer sector not determined,https://handbook.aph.gov.au/parliamentarians/26417
26417,"BOELE, Nicolette",Member,Independent,NSW,Bradfield,Principal Climate Change (Sustainability Assurance and Advice) at Banarra from 2009 to 2015.,Employer sector not determined,https://handbook.aph.gov.au/parliamentarians/26417
26417,"BOELE, Nicolette",Member,Independent,NSW,Bradfield,Director of Strategic Projects at the Climate Institute from 2006 to 2008.,Employer sector not determined,https://handbook.aph.gov.au/parliamentarians/26417
26417,"BOELE, Nicolette",Member,Independent,NSW,Bradfield,"Senior Program and Policy Officer at the NSW Department of Environment, Climate Change and Water from 2003 to 2004.",Employer sector not determined,https://handbook.aph.gov.au/parliamentarians/26417
26417,"BOELE, Nicolette",Member,Independent,NSW,Bradfield,Sustainable Cities and Industries Campaign Coordinator at the Australian Conservation Foundation from 2000 to 2003.,Employer sector not determined,https://handbook.aph.gov.au/parliamentarians/26417
26417,"BOELE, Nicolette",Member,Independent,NSW,Bradfield,Program Leader (Energy Efficiency) at the Sustainable Energy Development Authority of NSW from 1996 to 1999.,Employer sector not determined,https://handbook.aph.gov.au/parliamentarians/26417
DZS,"BOWEN, the Hon. Christopher (Chris) Eyles",Member,Australian Labor Party,NSW,McMahon,"Chief of Staff to the Hon. P Scully, MLA (NSW) from 2001 to 2004.",Employer sector not determined,https://handbook.aph.gov.au/parliamentarians/DZS
DZS,"BOWEN, the Hon. Christopher (Chris) Eyles",Member,Australian Labor Party,NSW,McMahon,"Senior adviser to the Hon. P Scully, MLA (NSW) from 2000 to 2001.",Employer sector not determined,https://handbook.aph.gov.au/parliamentarians/DZS
DZS,"BOWEN, the Hon. Christopher (Chris) Eyles",Member,Australian Labor Party,NSW,McMahon,Industrial officer for the Finance Sector Union from 1995 to 2000.,Union / worker organisation,https://handbook.aph.gov.au/parliamentarians/DZS
DZS,"BOWEN, the Hon. Christopher (Chris) Eyles",Member,Australian Labor Party,NSW,McMahon,"Research and media officer to the Hon. J Crosio, MP from 1994 to 1995.",Employer sector not determined,https://handbook.aph.gov.au/parliamentarians/DZS
299498,"BOYCE, Colin Einar",Member,The Nationals,Qld,Flynn,High pressure pipe welder for CSG Industry from 2010 to 2015,Employer sector not determined,https://handbook.aph.gov.au/parliamentarians/299498
299498,"BOYCE, Colin Einar",Member,The Nationals,Qld,Flynn,Earthmoving contractor for Rural Land Development/Xtrata Coal from 1990,Employer sector not determined,https://handbook.aph.gov.au/parliamentarians/299498
299498,"BOYCE, Colin Einar",Member,The Nationals,Qld,Flynn,Small business owner,Private enterprise (explicit role),https://handbook.aph.gov.au/parliamentarians/299498
299498,"BOYCE, Colin Einar",Member,The Nationals,Qld,Flynn,Grazier/Farmer,Employer sector not determined,https://handbook.aph.gov.au/parliamentarians/299498
299498,"BOYCE, Colin Einar",Member,The Nationals,Qld,Flynn,Boilermaker/Engineer,Employer sector not determined,https://handbook.aph.gov.au/parliamentarians/299498
256063,"BRAGG, Andrew James",Senator,Liberal Party of Australia,NSW,,Executive Director of the Business Council of Australia from 2017 to 2018.,Employer sector not determined,https://handbook.aph.gov.au/parliamentarians/256063
256063,"BRAGG, Andrew James",Senator,Liberal Party of Australia,NSW,,Director of Policy at the Financial Services Council from 2014 to 2017.,Employer sector not determined,https://handbook.aph.gov.au/parliamentarians/256063
256063,"BRAGG, Andrew James",Senator,Liberal Party of Australia,NSW,,Policy Manager at the Financial Services Council from 2009 to 2014.,Employer sector not determined,https://handbook.aph.gov.au/parliamentarians/256063
256063,"BRAGG, Andrew James",Senator,Liberal Party of Australia,NSW,,"Employed at Ernst & Young, 2008.",Employer sector not determined,https://handbook.aph.gov.au/parliamentarians/256063
263427,"BRISKEY, Jo",Member,Australian Labor Party,Vic,Maribyrnong,Not recorded,Unknown,https://handbook.aph.gov.au/parliamentarians/263427
30484,"BROCKMAN, William (Slade) Edward Slade",Senator,Liberal Party of Australia,WA,,Campaign Director of the Australian Grains Champion from 2016 to 2017.,Employer sector not determined,https://handbook.aph.gov.au/parliamentarians/30484
30484,"BROCKMAN, William (Slade) Edward Slade",Senator,Liberal Party of Australia,WA,,Chief of Staff and Senior Adviser to Senator the Hon. M Cormann from 2008 to 2016.,Employer sector not determined,https://handbook.aph.gov.au/parliamentarians/30484
30484,"BROCKMAN, William (Slade) Edward Slade",Senator,Liberal Party of Australia,WA,,Policy Director of the Pastoralists and Graziers Association (WA) from 2005 to 2008.,Employer sector not determined,https://handbook.aph.gov.au/parliamentarians/30484
F49,"BROWN, the Hon. Carol Louise",Senator,Australian Labor Party,Tas,,"Adviser/Office Manager to the Minister for Infrastructure, Energy and Resources (Tas.) from 2004 to 2005.",Political employment,https://handbook.aph.gov.au/parliamentarians/F49
F49,"BROWN, the Hon. Carol Louise",Senator,Australian Labor Party,Tas,,"Adviser/Office Manager to the Minister for Primary Industries, Water and Environment (Tas.) from 2002 to 2004.",Political employment,https://handbook.aph.gov.au/parliamentarians/F49
F49,"BROWN, the Hon. Carol Louise",Senator,Australian Labor Party,Tas,,Portfolio Services Manager at the Department of Premier and Cabinet (Tas.) from 1998 to 2002.,Employer sector not determined,https://handbook.aph.gov.au/parliamentarians/F49
F49,"BROWN, the Hon. Carol Louise",Senator,Australian Labor Party,Tas,,Adviser to Senator S Mackay from 1996 to 1998.,Employer sector not determined,https://handbook.aph.gov.au/parliamentarians/F49
F49,"BROWN, the Hon. Carol Louise",Senator,Australian Labor Party,Tas,,Administrative Officer for the Australian Labor Party from 1984 to 1996.,Employer sector not determined,https://handbook.aph.gov.au/parliamentarians/F49
230531,"BUCHHOLZ, the Hon. Scott Andrew",Member,Liberal Party of Australia,Qld,Wright,Managing director from 1992.,Employer sector not determined,https://handbook.aph.gov.au/parliamentarians/230531
230531,"BUCHHOLZ, the Hon. Scott Andrew",Member,Liberal Party of Australia,Qld,Wright,Agri-finance manager from 1989 to 1991.,Employer sector not determined,https://handbook.aph.gov.au/parliamentarians/230531
230531,"BUCHHOLZ, the Hon. Scott Andrew",Member,Liberal Party of Australia,Qld,Wright,Ringer from 1985 to 1987.,Employer sector not determined,https://handbook.aph.gov.au/parliamentarians/230531
230531,"BUCHHOLZ, the Hon. Scott Andrew",Member,Liberal Party of Australia,Qld,Wright,Chief of Staff to Senator B Joyce.,Employer sector not determined,https://handbook.aph.gov.au/parliamentarians/230531
DYW,"BURKE, the Hon. Anthony (Tony) Stephen",Member,Australian Labor Party,NSW,Watson,Organiser for the Shop Distributive and Allied Employees Association from 1997 to 2003.,Employer sector not determined,https://handbook.aph.gov.au/parliamentarians/DYW
DYW,"BURKE, the Hon. Anthony (Tony) Stephen",Member,Australian Labor Party,NSW,Watson,Director at Aticus Pty. Ltd. from 1996 to 1997.,Employer sector not determined,https://handbook.aph.gov.au/parliamentarians/DYW
DYW,"BURKE, the Hon. Anthony (Tony) Stephen",Member,Australian Labor Party,NSW,Watson,Electorate officer to Senator M Forshaw from 1994 to 1995.,Political employment,https://handbook.aph.gov.au/parliamentarians/DYW
DYW,"BURKE, the Hon. Anthony (Tony) Stephen",Member,Australian Labor Party,NSW,Watson,Electorate officer to Senator G Richardson from 1993 to 1994.,Political employment,https://handbook.aph.gov.au/parliamentarians/DYW
DYW,"BURKE, the Hon. Anthony (Tony) Stephen",Member,Australian Labor Party,NSW,Watson,Sales and shop assistant from 1982 to 1991.,Employer sector not determined,https://handbook.aph.gov.au/parliamentarians/DYW
300129,"BURNELL, Matthew (Matt) Paul",Member,Australian Labor Party,SA,Spence,Senior Branch Organiser for the Transport Workers' Union of Australia (SA/NT Branch) from September 2016 to May 2022.,Union / worker organisation,https://handbook.aph.gov.au/parliamentarians/300129
300129,"BURNELL, Matthew (Matt) Paul",Member,Australian Labor Party,SA,Spence,Seafarer (Integrated Rating) in the Offshore Gas and Oil Industry from September 2006 to March 2016.,Employer sector not determined,https://handbook.aph.gov.au/parliamentarians/300129
300129,"BURNELL, Matthew (Matt) Paul",Member,Australian Labor Party,SA,Spence,Cash in Transit Officer for Linfox Armaguard from November 2001 to August 2006.,Employer sector not determined,https://handbook.aph.gov.au/parliamentarians/300129
300129,"BURNELL, Matthew (Matt) Paul",Member,Australian Labor Party,SA,Spence,Retail Assistant/Supervisor at Sportspower from November 1998 to September 2001.,Employer sector not determined,https://handbook.aph.gov.au/parliamentarians/300129
300129,"BURNELL, Matthew (Matt) Paul",Member,Australian Labor Party,SA,Spence,Employed in Hospitality and Security from July 1997 to May 2002.,Employer sector not determined,https://handbook.aph.gov.au/parliamentarians/300129
300129,"BURNELL, Matthew (Matt) Paul",Member,Australian Labor Party,SA,Spence,Fast Food Server at KFC from October 1992 to March 1996.,Employer sector not determined,https://handbook.aph.gov.au/parliamentarians/300129
278522,"BURNS, Joshua (Josh) Solomon",Member,Australian Labor Party,Vic,Macnamara,Senior Adviser to the Premier (Vic.) from 2014 to 2019.,Employer sector not determined,https://handbook.aph.gov.au/parliamentarians/278522
HWK,"BUTLER, the Hon. Mark Christopher",Member,Australian Labor Party,SA,Hindmarsh,Union official from 1992 to 2007.,Union / worker organisation,https://handbook.aph.gov.au/parliamentarians/HWK
299145,"BYRNES, Alison",Member,Australian Labor Party,NSW,Cunningham,Senior Policy and Media Adviser from 2005 to 2022.,Employer sector not determined,https://handbook.aph.gov.au/parliamentarians/299145
300134,"CADELL, Ross Philip",Senator,The Nationals,NSW,,Special Projects Director for the Port of Newcastle from 2020 to 2022.,Employer sector not determined,https://handbook.aph.gov.au/parliamentarians/300134
306489,"CALDWELL, Cameron",Member,Liberal Party of Australia,Qld,Fadden,Solicitor from 2003 to 2015.,Employer sector not determined,https://handbook.aph.gov.au/parliamentarians/306489
312823,"CAMPBELL, Julie-Ann",Member,Australian Labor Party,Qld,Moreton,Not recorded,Unknown,https://handbook.aph.gov.au/parliamentarians/312823
245212,"CANAVAN, the Hon. Matthew (Matt) James",Senator,The Nationals,Qld,,Chief of Staff to Senator B Joyce from 2010 to 2013.,Employer sector not determined,https://handbook.aph.gov.au/parliamentarians/245212
245212,"CANAVAN, the Hon. Matthew (Matt) James",Senator,The Nationals,Qld,,Director of the Productivity Commission from 2009 to 2010.,Employer sector not determined,https://handbook.aph.gov.au/parliamentarians/245212
245212,"CANAVAN, the Hon. Matthew (Matt) James",Senator,The Nationals,Qld,,Senior Executive at KPMG from 2008 to 2009.,Employer sector not determined,https://handbook.aph.gov.au/parliamentarians/245212
245212,"CANAVAN, the Hon. Matthew (Matt) James",Senator,The Nationals,Qld,,Senior Research Economist at the Productivity Commission from 2003 to 2008.,Employer sector not determined,https://handbook.aph.gov.au/parliamentarians/245212
I0M,"CASH, the Hon. Michaelia Clare",Senator,Liberal Party of Australia,WA,,Solicitor (Senior Associate) at Freehills from 1999 to 2008.,Employer sector not determined,https://handbook.aph.gov.au/parliamentarians/I0M
316312,"CHAFFEY, Jamie",Member,The Nationals,NSW,Parkes,Not recorded,Unknown,https://handbook.aph.gov.au/parliamentarians/316312
37998,"CHALMERS, the Hon. Dr James (Jim) Edward",Member,Australian Labor Party,Qld,Rankin,"Executive Director of the Chifley Research Centre, 2013.",Employer sector not determined,https://handbook.aph.gov.au/parliamentarians/37998
37998,"CHALMERS, the Hon. Dr James (Jim) Edward",Member,Australian Labor Party,Qld,Rankin,Chief of Staff to the Deputy Prime Minister and Treasurer from 2010 to 2013.,Political employment,https://handbook.aph.gov.au/parliamentarians/37998
37998,"CHALMERS, the Hon. Dr James (Jim) Edward",Member,Australian Labor Party,Qld,Rankin,"General Manager of CPR (Qld), 2007.",Employer sector not determined,https://handbook.aph.gov.au/parliamentarians/37998
37998,"CHALMERS, the Hon. Dr James (Jim) Edward",Member,Australian Labor Party,Qld,Rankin,Deputy Chief of Staff and Principal Adviser to the Treasurer from 2007 to 2010.,Employer sector not determined,https://handbook.aph.gov.au/parliamentarians/37998
37998,"CHALMERS, the Hon. Dr James (Jim) Edward",Member,Australian Labor Party,Qld,Rankin,"Deputy Chief of Staff to the Leader of the Opposition, 2006.",Employer sector not determined,https://handbook.aph.gov.au/parliamentarians/37998
37998,"CHALMERS, the Hon. Dr James (Jim) Edward",Member,Australian Labor Party,Qld,Rankin,Senior Adviser to the Premier (NSW) from 2006 to 2007.,Employer sector not determined,https://handbook.aph.gov.au/parliamentarians/37998
37998,"CHALMERS, the Hon. Dr James (Jim) Edward",Member,Australian Labor Party,Qld,Rankin,Media Adviser to the Shadow Treasurer from 2005 to 2006.,Employer sector not determined,https://handbook.aph.gov.au/parliamentarians/37998
37998,"CHALMERS, the Hon. Dr James (Jim) Edward",Member,Australian Labor Party,Qld,Rankin,National Research Manager for the Australian Labor Party from 2002 to 2004.,Employer sector not determined,https://handbook.aph.gov.au/parliamentarians/37998
37998,"CHALMERS, the Hon. Dr James (Jim) Edward",Member,Australian Labor Party,Qld,Rankin,"Tutor in politics and public policy at Australian National University and the University of Canberra, 2001.",Employer sector not determined,https://handbook.aph.gov.au/parliamentarians/37998
37998,"CHALMERS, the Hon. Dr James (Jim) Edward",Member,Australian Labor Party,Qld,Rankin,Research officer at the Department of Premier and Cabinet (Qld) from 1999 to 2001.,Employer sector not determined,https://handbook.aph.gov.au/parliamentarians/37998
264449,"CHANDLER, Claire",Senator,Liberal Party of Australia,Tas,,Client Manager at Deloitte Risk Advisory from 2018 to 2019.,Employer sector not determined,https://handbook.aph.gov.au/parliamentarians/264449
264449,"CHANDLER, Claire",Senator,Liberal Party of Australia,Tas,,Senior Analyst at Deloitte Risk Advisory from 2016 to 2018.,Employer sector not determined,https://handbook.aph.gov.au/parliamentarians/264449
264449,"CHANDLER, Claire",Senator,Liberal Party of Australia,Tas,,Analyst at Deloitte Risk Advisory from 2014 to 2016.,Employer sector not determined,https://handbook.aph.gov.au/parliamentarians/264449
300006,"CHANEY, Kate",Member,Independent,WA,Curtin,Director of Innovation & Strategy at Anglicare WA from 2017 to 2022.,Employer sector not determined,https://handbook.aph.gov.au/parliamentarians/300006
300006,"CHANEY, Kate",Member,Independent,WA,Curtin,Sustainability Manager at Wesfarmers Ltd. from 2013 to 2015.,Employer sector not determined,https://handbook.aph.gov.au/parliamentarians/300006
300006,"CHANEY, Kate",Member,Independent,WA,Curtin,General Manager of Emerging Ventures for Wesfarmers Ltd. from 2012 to 2013.,Employer sector not determined,https://handbook.aph.gov.au/parliamentarians/300006
300006,"CHANEY, Kate",Member,Independent,WA,Curtin,Aboriginal Affairs Manager at Wesfarmers Ltd. from 2009 to 2011.,Employer sector not determined,https://handbook.aph.gov.au/parliamentarians/300006
300006,"CHANEY, Kate",Member,Independent,WA,Curtin,"General Manager for Business Development at Perth Airport, 2007.",Employer sector not determined,https://handbook.aph.gov.au/parliamentarians/300006
300006,"CHANEY, Kate",Member,Independent,WA,Curtin,Strategy Consultant for Boston Consulting Group from 2003 to 2005.,Employer sector not determined,https://handbook.aph.gov.au/parliamentarians/300006
300006,"CHANEY, Kate",Member,Independent,WA,Curtin,Lawyer at Blake Dawson Waldron from 1998 to 2001.,Employer sector not determined,https://handbook.aph.gov.au/parliamentarians/300006
I8M,"CHARLTON, the Hon. Dr Andrew Henry George",Member,Australian Labor Party,NSW,Parramatta,Managing Director of Accenture from 2020 to 2022.,Employer sector not determined,https://handbook.aph.gov.au/parliamentarians/I8M
I8M,"CHARLTON, the Hon. Dr Andrew Henry George",Member,Australian Labor Party,NSW,Parramatta,Founder and Managing Director of AlphaBeta from 2015 to 2020.,Employer sector not determined,https://handbook.aph.gov.au/parliamentarians/I8M
I8M,"CHARLTON, the Hon. Dr Andrew Henry George",Member,Australian Labor Party,NSW,Parramatta,General Manager at Wesfarmers from 2010 to 2014.,Employer sector not determined,https://handbook.aph.gov.au/parliamentarians/I8M
I8M,"CHARLTON, the Hon. Dr Andrew Henry George",Member,Australian Labor Party,NSW,Parramatta,Senior Economic Adviser to the Prime Minister and G20 Sherpa from 2008 to 2010.,Political employment,https://handbook.aph.gov.au/parliamentarians/I8M
I8M,"CHARLTON, the Hon. Dr Andrew Henry George",Member,Australian Labor Party,NSW,Parramatta,Research Fellow at the London School of Economics from 2005 to 2008.,Employer sector not determined,https://handbook.aph.gov.au/parliamentarians/I8M
I8M,"CHARLTON, the Hon. Dr Andrew Henry George",Member,Australian Labor Party,NSW,Parramatta,"Analyst for the United Nations Development Programme, 2003.",Employer sector not determined,https://handbook.aph.gov.au/parliamentarians/I8M
IPZ,"CHESTER, the Hon. Darren Jeffrey",Member,The Nationals,Vic,Gippsland,"Chief of Staff to P Ryan, MLA (Vic.) from 2004 to 2008.",Employer sector not determined,https://handbook.aph.gov.au/parliamentarians/IPZ
IPZ,"CHESTER, the Hon. Darren Jeffrey",Member,The Nationals,Vic,Gippsland,Executive Officer of Champions of the Bush from 2002 to 2004.,Employer sector not determined,https://handbook.aph.gov.au/parliamentarians/IPZ
IPZ,"CHESTER, the Hon. Darren Jeffrey",Member,The Nationals,Vic,Gippsland,Self-employed marketing consultant from 1998 to 2002.,Private enterprise (explicit role),https://handbook.aph.gov.au/parliamentarians/IPZ
IPZ,"CHESTER, the Hon. Darren Jeffrey",Member,The Nationals,Vic,Gippsland,Newspaper and television journalist from 1986 to 1998.,Employer sector not determined,https://handbook.aph.gov.au/parliamentarians/IPZ
249710,"CHESTERS, Lisa Marie",Member,Australian Labor Party,Vic,Bendigo,"Women's Officer for the National Union of Students, 2003.",Union / worker organisation,https://handbook.aph.gov.au/parliamentarians/249710
249710,"CHESTERS, Lisa Marie",Member,Australian Labor Party,Vic,Bendigo,Lead Organiser for United Voice from 2003 to 2013.,Employer sector not determined,https://handbook.aph.gov.au/parliamentarians/249710
249710,"CHESTERS, Lisa Marie",Member,Australian Labor Party,Vic,Bendigo,"Union Secretary at the University of Queensland, 2002.",Union / worker organisation,https://handbook.aph.gov.au/parliamentarians/249710
39801,"CHISHOLM, the Hon. Anthony David",Senator,Australian Labor Party,Qld,,Campaign Director of the Australian Labor Party (Qld) from 2014 to 2015.,Employer sector not determined,https://handbook.aph.gov.au/parliamentarians/39801
39801,"CHISHOLM, the Hon. Anthony David",Senator,Australian Labor Party,Qld,,Secretary of the Australian Labor Party (Qld) from 2008 to 2014.,Employer sector not determined,https://handbook.aph.gov.au/parliamentarians/39801
39801,"CHISHOLM, the Hon. Anthony David",Senator,Australian Labor Party,Qld,,"Advisor to the Leader of the Opposition, the Hon. K Rudd MP, 2007.",Employer sector not determined,https://handbook.aph.gov.au/parliamentarians/39801
281503,"CICCONE, Raffaele (Raff)",Senator,Australian Labor Party,Vic,,Chair of the Link Health and Community Ltd. Board from 2017 to 2019.,Employer sector not determined,https://handbook.aph.gov.au/parliamentarians/281503
281503,"CICCONE, Raffaele (Raff)",Senator,Australian Labor Party,Vic,,"Industrial/Research Officer for the Shop, Distributive & Allied Employees Association (Vic.) from 2013 to 2019.",Employer sector not determined,https://handbook.aph.gov.au/parliamentarians/281503
281503,"CICCONE, Raffaele (Raff)",Senator,Australian Labor Party,Vic,,Director of the Link Health and Community Ltd. Board from 2010 to 2019.,Employer sector not determined,https://handbook.aph.gov.au/parliamentarians/281503
281503,"CICCONE, Raffaele (Raff)",Senator,Australian Labor Party,Vic,,Adviser to Senator the Hon. J Collins from 2008 to 2013.,Employer sector not determined,https://handbook.aph.gov.au/parliamentarians/281503
HWL,"CLARE, the Hon. Jason Dean",Member,Australian Labor Party,NSW,Blaxland,Manager of Corporate Relations at Transurban from 2003 to 2007.,Employer sector not determined,https://handbook.aph.gov.au/parliamentarians/HWL
HWL,"CLARE, the Hon. Jason Dean",Member,Australian Labor Party,NSW,Blaxland,"Senior Policy Adviser to the Premier (NSW), the Hon. R Carr, MLA from 1999 to 2003.",Political employment,https://handbook.aph.gov.au/parliamentarians/HWL
HWL,"CLARE, the Hon. Jason Dean",Member,Australian Labor Party,NSW,Blaxland,"Policy Adviser to the Minister for Police and Leader of the House (NSW), the Hon. P Whelan, MLA from 1995 to 1999.",Political employment,https://handbook.aph.gov.au/parliamentarians/HWL
248181,"CLAYDON, Sharon Catherine",Member,Australian Labor Party,NSW,Newcastle,Disability support worker,Employer sector not determined,https://handbook.aph.gov.au/parliamentarians/248181
248181,"CLAYDON, Sharon Catherine",Member,Australian Labor Party,NSW,Newcastle,Social anthropologist,Employer sector not determined,https://handbook.aph.gov.au/parliamentarians/248181
248181,"CLAYDON, Sharon Catherine",Member,Australian Labor Party,NSW,Newcastle,Electorate officer,Political employment,https://handbook.aph.gov.au/parliamentarians/248181
316101,"CLUTTERHAM, Claire Louise",Member,Australian Labor Party,SA,Sturt,Lawyer from December 2005 to May 2025.,Employer sector not determined,https://handbook.aph.gov.au/parliamentarians/316101
312323,"COFFEY, Renee",Member,Australian Labor Party,Qld,Griffith,CEO of the Australian Kookaburra Kids Foundation from 2023 to 2025.,Employer sector not determined,https://handbook.aph.gov.au/parliamentarians/312323
312323,"COFFEY, Renee",Member,Australian Labor Party,Qld,Griffith,Deputy CEO of the Australian Indigenous Education Foundation from 2018 to 2023,Employer sector not determined,https://handbook.aph.gov.au/parliamentarians/312323
312323,"COFFEY, Renee",Member,Australian Labor Party,Qld,Griffith,General Manager (Strategy and Policy) and Programs Director at the Australian Indigenous Education Foundation from 2010 to 2018.,Employer sector not determined,https://handbook.aph.gov.au/parliamentarians/312323
312323,"COFFEY, Renee",Member,Australian Labor Party,Qld,Griffith,"Project Manager and Innovator in Residence at the Department of Education and Training (Qld), 2009.",Employer sector not determined,https://handbook.aph.gov.au/parliamentarians/312323
312323,"COFFEY, Renee",Member,Australian Labor Party,Qld,Griffith,Manager of Strategic Partnerships and Projects at the State Library of Queensland from 2008 to 2009.,Employer sector not determined,https://handbook.aph.gov.au/parliamentarians/312323
312323,"COFFEY, Renee",Member,Australian Labor Party,Qld,Griffith,Executive Director and State Manager at Reconciliation South Australia from 2006 to 2008.,Employer sector not determined,https://handbook.aph.gov.au/parliamentarians/312323
263547,"COKER, Elizabeth (Libby) Ann",Member,Australian Labor Party,Vic,Corangamite,Cadet journalist at the Geelong Advertiser,Employer sector not determined,https://handbook.aph.gov.au/parliamentarians/263547
263547,"COKER, Elizabeth (Libby) Ann",Member,Australian Labor Party,Vic,Corangamite,Secondary school teacher,Employer sector not determined,https://handbook.aph.gov.au/parliamentarians/263547
263547,"COKER, Elizabeth (Libby) Ann",Member,Australian Labor Party,Vic,Corangamite,Communications consultant,Employer sector not determined,https://handbook.aph.gov.au/parliamentarians/263547
263547,"COKER, Elizabeth (Libby) Ann",Member,Australian Labor Party,Vic,Corangamite,Communications/PR Manager at the Department of Education (Vic.).,Employer sector not determined,https://handbook.aph.gov.au/parliamentarians/263547
263547,"COKER, Elizabeth (Libby) Ann",Member,Australian Labor Party,Vic,Corangamite,Journalist,Employer sector not determined,https://handbook.aph.gov.au/parliamentarians/263547
00AOL,"COLBECK, the Hon. Richard Mansell",Senator,Liberal Party of Australia,Tas,,Director of the Chamber of Commerce and Industry (Tas.) from 1998 to 2001.,Employer sector not determined,https://handbook.aph.gov.au/parliamentarians/00AOL
00AOL,"COLBECK, the Hon. Richard Mansell",Senator,Liberal Party of Australia,Tas,,Managing director and proprietor of building consultancy from 1989,Employer sector not determined,https://handbook.aph.gov.au/parliamentarians/00AOL
00AOL,"COLBECK, the Hon. Richard Mansell",Senator,Liberal Party of Australia,Tas,,Building estimator and supervisor from 1984 to 1989.,Employer sector not determined,https://handbook.aph.gov.au/parliamentarians/00AOL
00AOL,"COLBECK, the Hon. Richard Mansell",Senator,Liberal Party of Australia,Tas,,Manager from 1979 to 1984.,Employer sector not determined,https://handbook.aph.gov.au/parliamentarians/00AOL
00AOL,"COLBECK, the Hon. Richard Mansell",Senator,Liberal Party of Australia,Tas,,Apprentice carpenter and joiner from 1977 to 1979.,Employer sector not determined,https://handbook.aph.gov.au/parliamentarians/00AOL
00AOL,"COLBECK, the Hon. Richard Mansell",Senator,Liberal Party of Australia,Tas,,Trainee estimator and supervisor from 1977 to 1979.,Employer sector not determined,https://handbook.aph.gov.au/parliamentarians/00AOL
297964,"COLLINS, Dr Jessica",Senator,Liberal Party of Australia,NSW,,"Research Fellow and Director of the Australia-Papua New Guinea Network, Lowy Institute, from 2021 to 2025.",Employer sector not determined,https://handbook.aph.gov.au/parliamentarians/297964
HWM,"COLLINS, the Hon. Julie Maree",Member,Australian Labor Party,Tas,Franklin,Adviser to Senator C Brown from 2005 to 2006.,Employer sector not determined,https://handbook.aph.gov.au/parliamentarians/HWM
HWM,"COLLINS, the Hon. Julie Maree",Member,Australian Labor Party,Tas,Franklin,"Manager of the Ministerial Unit in the Department of Tourism, Parks, Heritage and the Arts (Tas.) from 2003 to 2005.",Political employment,https://handbook.aph.gov.au/parliamentarians/HWM
HWM,"COLLINS, the Hon. Julie Maree",Member,Australian Labor Party,Tas,Franklin,"Business Support Officer, Hydro Tasmania 1998",Employer sector not determined,https://handbook.aph.gov.au/parliamentarians/HWM
HWM,"COLLINS, the Hon. Julie Maree",Member,Australian Labor Party,Tas,Franklin,"Personal Assistant and Adviser to the Premier of Tasmania, the Hon. J Bacon, MHA from 1998 to 2003.",Employer sector not determined,https://handbook.aph.gov.au/parliamentarians/HWM
HWM,"COLLINS, the Hon. Julie Maree",Member,Australian Labor Party,Tas,Franklin,Adviser to Senator S Mackay from 1996 to 1998.,Employer sector not determined,https://handbook.aph.gov.au/parliamentarians/HWM
HWM,"COLLINS, the Hon. Julie Maree",Member,Australian Labor Party,Tas,Franklin,Electorate Officer to Senator J Coates from 1995 to 1996.,Political employment,https://handbook.aph.gov.au/parliamentarians/HWM
HWM,"COLLINS, the Hon. Julie Maree",Member,Australian Labor Party,Tas,Franklin,"Administrative Officer to the Leader of the Opposition (Tas.), the Hon. M Field, MHA from 1993 to 1994.",Employer sector not determined,https://handbook.aph.gov.au/parliamentarians/HWM
HWM,"COLLINS, the Hon. Julie Maree",Member,Australian Labor Party,Tas,Franklin,Administrative Officer at the Department of Health from 1992 to 1993.,Employer sector not determined,https://handbook.aph.gov.au/parliamentarians/HWM
HWM,"COLLINS, the Hon. Julie Maree",Member,Australian Labor Party,Tas,Franklin,Administrative Assistant to the Minister for Health from 1990 to 1992.,Employer sector not determined,https://handbook.aph.gov.au/parliamentarians/HWM
HWM,"COLLINS, the Hon. Julie Maree",Member,Australian Labor Party,Tas,Franklin,Administrative Officer for the Australian Labor Party (Tas.) from 1987 to 1990.,Employer sector not determined,https://handbook.aph.gov.au/parliamentarians/HWM
316551,"COMER, Emma",Member,Australian Labor Party,Qld,Petrie,Electorate Officer from April 2023 to April 2025.,Political employment,https://handbook.aph.gov.au/parliamentarians/316551
279991,"CONAGHAN, Patrick (Pat) John",Member,The Nationals,NSW,Cowper,Solicitor from 2001 to 2019.,Employer sector not determined,https://handbook.aph.gov.au/parliamentarians/279991
279991,"CONAGHAN, Patrick (Pat) John",Member,The Nationals,NSW,Cowper,Police Force Prosecutor (NSW) from 1997 to 2001.,Employer sector not determined,https://handbook.aph.gov.au/parliamentarians/279991
279991,"CONAGHAN, Patrick (Pat) John",Member,The Nationals,NSW,Cowper,Crime Squad Police Detective (NSW) from 1993 to 1997.,Employer sector not determined,https://handbook.aph.gov.au/parliamentarians/279991
279991,"CONAGHAN, Patrick (Pat) John",Member,The Nationals,NSW,Cowper,Constable in the Police Force (NSW) from 1990 to 1993.,Employer sector not determined,https://handbook.aph.gov.au/parliamentarians/279991
249127,"CONROY, the Hon. Patrick (Pat) Martin",Member,Australian Labor Party,NSW,Shortland,"Deputy Chief of Staff to the Hon. G Combet, AM, MP from 2011 to 2013.",Employer sector not determined,https://handbook.aph.gov.au/parliamentarians/249127
249127,"CONROY, the Hon. Patrick (Pat) Martin",Member,Australian Labor Party,NSW,Shortland,"Principal Policy Adviser to the Hon. G Combet, AM, MP from 2008 to 2011.",Employer sector not determined,https://handbook.aph.gov.au/parliamentarians/249127
249127,"CONROY, the Hon. Patrick (Pat) Martin",Member,Australian Labor Party,NSW,Shortland,National Economist at the Australian Manufacturing Workers' Union from 2004 to 2008.,Union / worker organisation,https://handbook.aph.gov.au/parliamentarians/249127
249127,"CONROY, the Hon. Patrick (Pat) Martin",Member,Australian Labor Party,NSW,Shortland,Policy Adviser to Senator G Campbell from 2002 to 2004.,Employer sector not determined,https://handbook.aph.gov.au/parliamentarians/249127
249127,"CONROY, the Hon. Patrick (Pat) Martin",Member,Australian Labor Party,NSW,Shortland,"Electorate officer to the Hon. A Albanese, MP, 2000.",Political employment,https://handbook.aph.gov.au/parliamentarians/249127
249127,"CONROY, the Hon. Patrick (Pat) Martin",Member,Australian Labor Party,NSW,Shortland,"Industrial/Policy Organiser (Forestry Division) at the Construction, Forestry, Mining and Energy Union (NSW) from 2000 to 2002.",Union / worker organisation,https://handbook.aph.gov.au/parliamentarians/249127
249127,"CONROY, the Hon. Patrick (Pat) Martin",Member,Australian Labor Party,NSW,Shortland,Customer service assistant at Coles from 1995 to 2000.,Employer sector not determined,https://handbook.aph.gov.au/parliamentarians/249127
316537,"COOK, Kara",Member,Australian Labor Party,Qld,Bonner,Not recorded,Unknown,https://handbook.aph.gov.au/parliamentarians/316537
312871,"COOK, Dr Patricia (Trish)",Member,Australian Labor Party,WA,Bullwinkel,Registered Nurse and Midwife,Employer sector not determined,https://handbook.aph.gov.au/parliamentarians/312871
312871,"COOK, Dr Patricia (Trish)",Member,Australian Labor Party,WA,Bullwinkel,Occupational Health & Safety Consultant,Employer sector not determined,https://handbook.aph.gov.au/parliamentarians/312871
312871,"COOK, Dr Patricia (Trish)",Member,Australian Labor Party,WA,Bullwinkel,Owner of Nurses@Work,Employer sector not determined,https://handbook.aph.gov.au/parliamentarians/312871
312871,"COOK, Dr Patricia (Trish)",Member,Australian Labor Party,WA,Bullwinkel,Academic at Kalgoorlie and Northam TAFE and Edith Cowan University,Employer sector not determined,https://handbook.aph.gov.au/parliamentarians/312871
296215,"COX, Dorinda Rose",Senator,Australian Labor Party,WA,,Aboriginal Police Liaison Officer from August 1996 to June 2002.,Employer sector not determined,https://handbook.aph.gov.au/parliamentarians/296215
296215,"COX, Dorinda Rose",Senator,Australian Labor Party,WA,,Self-employed.,Private enterprise (explicit role),https://handbook.aph.gov.au/parliamentarians/296215
296215,"COX, Dorinda Rose",Senator,Australian Labor Party,WA,,Project Manager in State Government.,Employer sector not determined,https://handbook.aph.gov.au/parliamentarians/296215
301128,"DARMANIN, Lisa",Senator,Australian Labor Party,Vic,,Board Member of the Super Members Council of Australia from November 2023 to May 2024.,Employer sector not determined,https://handbook.aph.gov.au/parliamentarians/301128
301128,"DARMANIN, Lisa",Senator,Australian Labor Party,Vic,,Board Member of the Portable Long Service Leave Authority from September 2022 to April 2024.,Employer sector not determined,https://handbook.aph.gov.au/parliamentarians/301128
301128,"DARMANIN, Lisa",Senator,Australian Labor Party,Vic,,Chair of Trust for Nature from May 2022 to June 2024.,Employer sector not determined,https://handbook.aph.gov.au/parliamentarians/301128
301128,"DARMANIN, Lisa",Senator,Australian Labor Party,Vic,,Chair of Vision Super from 2021 to 2024.,Employer sector not determined,https://handbook.aph.gov.au/parliamentarians/301128
301128,"DARMANIN, Lisa",Senator,Australian Labor Party,Vic,,Branch Secretary of the Australian Services Union (Victorian and Tasmanian Branch) from May 2018 to June 2024.,Union / worker organisation,https://handbook.aph.gov.au/parliamentarians/301128
301128,"DARMANIN, Lisa",Senator,Australian Labor Party,Vic,,Board Member of Vision Super from 2018 to 2024.,Employer sector not determined,https://handbook.aph.gov.au/parliamentarians/301128
301128,"DARMANIN, Lisa",Senator,Australian Labor Party,Vic,,Manager at the Department of Premier and Cabinet (Victoria) from 2016 to 2017.,Employer sector not determined,https://handbook.aph.gov.au/parliamentarians/301128
301128,"DARMANIN, Lisa",Senator,Australian Labor Party,Vic,,Branch Executive President of the Australian Services Union (Victorian and Tasmanian Branch) from July 2014 to May 2018.,Union / worker organisation,https://handbook.aph.gov.au/parliamentarians/301128
301128,"DARMANIN, Lisa",Senator,Australian Labor Party,Vic,,Board Member of HESTA from 2013 to 2017.,Employer sector not determined,https://handbook.aph.gov.au/parliamentarians/301128
301128,"DARMANIN, Lisa",Senator,Australian Labor Party,Vic,,Governing Board Member of EMILY's List from 2012 to 2016.,Employer sector not determined,https://handbook.aph.gov.au/parliamentarians/301128
301128,"DARMANIN, Lisa",Senator,Australian Labor Party,Vic,,Community Development Officer at Berry Street Victoria from 1997 to 2000.,Employer sector not determined,https://handbook.aph.gov.au/parliamentarians/301128
53517,"DICK, the Hon. Dugald (Milton) Milton",Member,Australian Labor Party,Qld,Oxley,Elected Official of the Australian Labor Party (Qld) from 2000 to 2008.,Employer sector not determined,https://handbook.aph.gov.au/parliamentarians/53517
53517,"DICK, the Hon. Dugald (Milton) Milton",Member,Australian Labor Party,Qld,Oxley,Electorate Officer to Senator the Hon. J Hogg from 1998 to 2000.,Political employment,https://handbook.aph.gov.au/parliamentarians/53517
53517,"DICK, the Hon. Dugald (Milton) Milton",Member,Australian Labor Party,Qld,Oxley,Electorate Officer to Hon. D Beddall MP from 1993 to 1998.,Political employment,https://handbook.aph.gov.au/parliamentarians/53517
316935,"DOLEGA, Josh",Senator,Australian Labor Party,Tas,,WHS Lead Organiser (CPSU - PSU Group) from 2018 to 2025.,Employer sector not determined,https://handbook.aph.gov.au/parliamentarians/316935
316935,"DOLEGA, Josh",Senator,Australian Labor Party,Tas,,Tax Officer at the Australian Taxation Office from 2005 to 2018.,Employer sector not determined,https://handbook.aph.gov.au/parliamentarians/316935
55842,"DOWLING, Richard",Senator,Australian Labor Party,Tas,,"Director at Meta, 2024.",Employer sector not determined,https://handbook.aph.gov.au/parliamentarians/55842
55842,"DOWLING, Richard",Senator,Australian Labor Party,Tas,,Senior Director and Head of Asia Pacific at VMware from 2020 to 2024.,Employer sector not determined,https://handbook.aph.gov.au/parliamentarians/55842
55842,"DOWLING, Richard",Senator,Australian Labor Party,Tas,,Chief Economist and Head of Global Affairs at The Faraday Grid from 2017 to 2019.,Employer sector not determined,https://handbook.aph.gov.au/parliamentarians/55842
55842,"DOWLING, Richard",Senator,Australian Labor Party,Tas,,Government Affairs at Baxter Healthcare from 2014 to 2017.,Employer sector not determined,https://handbook.aph.gov.au/parliamentarians/55842
55842,"DOWLING, Richard",Senator,Australian Labor Party,Tas,,"Senior Economic Adviser to the Premier, the Hon. L Giddings, MHA (Tas.) from 2010 to 2014.",Employer sector not determined,https://handbook.aph.gov.au/parliamentarians/55842
55842,"DOWLING, Richard",Senator,Australian Labor Party,Tas,,Chief Economist at the Tasmanian Chamber of Commerce and Industry from 2007 to 2010.,Employer sector not determined,https://handbook.aph.gov.au/parliamentarians/55842
55842,"DOWLING, Richard",Senator,Australian Labor Party,Tas,,Policy Analyst at the Department of Treasury & Finance (Tas.) from 2002 to 2007.,Employer sector not determined,https://handbook.aph.gov.au/parliamentarians/55842
55842,"DOWLING, Richard",Senator,Australian Labor Party,Tas,,Cook at KFC from 1999 to 2002.,Employer sector not determined,https://handbook.aph.gov.au/parliamentarians/55842
299962,"DOYLE, Mary",Member,Australian Labor Party,Vic,Aston,Key Stakeholder Relations Specialist at HESTA from 29.8.2022 to 5.4.2023.,Employer sector not determined,https://handbook.aph.gov.au/parliamentarians/299962
299962,"DOYLE, Mary",Member,Australian Labor Party,Vic,Aston,Organiser for the National Tertiary Education Union from 15.4.2021 to 15.8.2022.,Union / worker organisation,https://handbook.aph.gov.au/parliamentarians/299962
299962,"DOYLE, Mary",Member,Australian Labor Party,Vic,Aston,Partnerships Manager/Marketing Officer for the Australian Council of Trade Unions from 11.5.2009 to 1.2.2021.,Union / worker organisation,https://handbook.aph.gov.au/parliamentarians/299962
299962,"DOYLE, Mary",Member,Australian Labor Party,Vic,Aston,Area Organiser for the Health and Community Services Union from 23.7.2007 to 28.11.2008.,Union / worker organisation,https://handbook.aph.gov.au/parliamentarians/299962
299962,"DOYLE, Mary",Member,Australian Labor Party,Vic,Aston,Organiser for the Finance Sector Union from 6.3.2000 to 19.7.2007.,Union / worker organisation,https://handbook.aph.gov.au/parliamentarians/299962
299962,"DOYLE, Mary",Member,Australian Labor Party,Vic,Aston,Call Centre Administration Officer for HBA Health Insurance from 4.8.1997 to 25.2.2000.,Employer sector not determined,https://handbook.aph.gov.au/parliamentarians/299962
299962,"DOYLE, Mary",Member,Australian Labor Party,Vic,Aston,Administration Officer for NEC Sales and Service from April 1996 to November 1996.,Employer sector not determined,https://handbook.aph.gov.au/parliamentarians/299962
299962,"DOYLE, Mary",Member,Australian Labor Party,Vic,Aston,Call Centre Operator at TAB Telephone Betting from April 1990 to April 1996.,Employer sector not determined,https://handbook.aph.gov.au/parliamentarians/299962
HWG,"DREYFUS, the Hon. Mark Alfred, KC",Member,Australian Labor Party,Vic,Isaacs,Barrister from 1987 to 2007.,Employer sector not determined,https://handbook.aph.gov.au/parliamentarians/HWG
HWG,"DREYFUS, the Hon. Mark Alfred, KC",Member,Australian Labor Party,Vic,Isaacs,"Ministerial adviser to the Attorney-General, Minister for Planning and Minister for Corrections (Vic.) from 1985 to 1987.",Political employment,https://handbook.aph.gov.au/parliamentarians/HWG
HWG,"DREYFUS, the Hon. Mark Alfred, KC",Member,Australian Labor Party,Vic,Isaacs,"Research Fellow at the National Research Institute of Gerontology and Geriatric Medicine, 1982.",Employer sector not determined,https://handbook.aph.gov.au/parliamentarians/HWG
HWG,"DREYFUS, the Hon. Mark Alfred, KC",Member,Australian Labor Party,Vic,Isaacs,Solicitor from 1982 to 1985.,Employer sector not determined,https://handbook.aph.gov.au/parliamentarians/HWG
HWG,"DREYFUS, the Hon. Mark Alfred, KC",Member,Australian Labor Party,Vic,Isaacs,"Field officer of the Northern Land Council, Darwin, from 1979 to 1981.",Employer sector not determined,https://handbook.aph.gov.au/parliamentarians/HWG
263418,"DUNIAM, the Hon. Jonathon (Jonno) Roy",Senator,Liberal Party of Australia,Tas,,Deputy Chief of Staff to the Premier (Tas.) the Hon. W Hodgman MP from 2014 to 2016.,Employer sector not determined,https://handbook.aph.gov.au/parliamentarians/263418
263418,"DUNIAM, the Hon. Jonathon (Jonno) Roy",Senator,Liberal Party of Australia,Tas,,Deputy Chief of Staff to the Leader of the Opposition (Tas.) the Hon. W Hodgman MP from 2010 to 2014.,Employer sector not determined,https://handbook.aph.gov.au/parliamentarians/263418
263418,"DUNIAM, the Hon. Jonathon (Jonno) Roy",Senator,Liberal Party of Australia,Tas,,Chief of Staff to Senator the Hon. S Parry from 2009 to 2010.,Employer sector not determined,https://handbook.aph.gov.au/parliamentarians/263418
263418,"DUNIAM, the Hon. Jonathon (Jonno) Roy",Senator,Liberal Party of Australia,Tas,,Adviser to Senator the Hon. E Abetz from 2005 to 2009.,Employer sector not determined,https://handbook.aph.gov.au/parliamentarians/263418
263418,"DUNIAM, the Hon. Jonathon (Jonno) Roy",Senator,Liberal Party of Australia,Tas,,Electorate Officer for Senator the Hon. P Calvert from 2003 to 2005.,Political employment,https://handbook.aph.gov.au/parliamentarians/263418
DZW,"ELLIOT, the Hon. Maria Justine (Justine)",Member,Australian Labor Party,NSW,Richmond,"Juvenile Justice Conference Convener, Department of Juvenile Justice (NSW) from 2002 to 2003.",Employer sector not determined,https://handbook.aph.gov.au/parliamentarians/DZW
DZW,"ELLIOT, the Hon. Maria Justine (Justine)",Member,Australian Labor Party,NSW,Richmond,Police officer from 1990 to 1997.,Public service / defence (explicit role),https://handbook.aph.gov.au/parliamentarians/DZW
62329,"FARLEY, David",Member,One Nation,NSW,Farrer,Not recorded,Unknown,https://handbook.aph.gov.au/parliamentarians/62329
I0N,"FARRELL, the Hon. Donald (Don) Edward",Senator,Australian Labor Party,SA,,"Founder of Farrell Wines, Clare Valley (SA) from 2014 to 2016.",Employer sector not determined,https://handbook.aph.gov.au/parliamentarians/I0N
I0N,"FARRELL, the Hon. Donald (Don) Edward",Senator,Australian Labor Party,SA,,Secretary for the Shop Distributive and Allied Employees' Association from 1993 to 2008.,Employer sector not determined,https://handbook.aph.gov.au/parliamentarians/I0N
I0N,"FARRELL, the Hon. Donald (Don) Edward",Senator,Australian Labor Party,SA,,Assistant Secretary for the Shop Distributive and Allied Employees' Association from 1980 to 1993.,Employer sector not determined,https://handbook.aph.gov.au/parliamentarians/I0N
I0N,"FARRELL, the Hon. Donald (Don) Edward",Senator,Australian Labor Party,SA,,Industrial Officer for the Shop Distributive and Allied Employees' Association from 1976 to 1980.,Employer sector not determined,https://handbook.aph.gov.au/parliamentarians/I0N
I0N,"FARRELL, the Hon. Donald (Don) Edward",Senator,Australian Labor Party,SA,,"Waiter, 1975.",Employer sector not determined,https://handbook.aph.gov.au/parliamentarians/I0N
I0N,"FARRELL, the Hon. Donald (Don) Edward",Senator,Australian Labor Party,SA,,"Council worker, 1974.",Employer sector not determined,https://handbook.aph.gov.au/parliamentarians/I0N
I0N,"FARRELL, the Hon. Donald (Don) Edward",Senator,Australian Labor Party,SA,,"Mail sorter, 1972.",Employer sector not determined,https://handbook.aph.gov.au/parliamentarians/I0N
I0N,"FARRELL, the Hon. Donald (Don) Edward",Senator,Australian Labor Party,SA,,Shop assistant at Cleland National Park from 1970 to 1976.,Employer sector not determined,https://handbook.aph.gov.au/parliamentarians/I0N
250362,"FARUQI, Dr Mehreen Saeed",Senator,Australian Greens,NSW,,Associate Professor and Academic Director MBT of the Australian School of Management at the University of New South Wales from September 2010 to June 2013.,Employer sector not determined,https://handbook.aph.gov.au/parliamentarians/250362
250362,"FARUQI, Dr Mehreen Saeed",Senator,Australian Greens,NSW,,Manager of Environment and Services at Mosman Council (NSW) from January 2009 to August 2010.,Employer sector not determined,https://handbook.aph.gov.au/parliamentarians/250362
250362,"FARUQI, Dr Mehreen Saeed",Senator,Australian Greens,NSW,,"Director and Lecturer, Institute of Environmental Studies (UNSW) from August 2004 to April 2008.",Employer sector not determined,https://handbook.aph.gov.au/parliamentarians/250362
250362,"FARUQI, Dr Mehreen Saeed",Senator,Australian Greens,NSW,,Manager for Natural Resources and Environmental Engineer at Port Macquarie-Hastings Council (NSW) from August 2001 to August 2004.,Employer sector not determined,https://handbook.aph.gov.au/parliamentarians/250362
250362,"FARUQI, Dr Mehreen Saeed",Senator,Australian Greens,NSW,,Environmental Engineer at Sinclair Knight Merz from March 1999 to June 2001.,Employer sector not determined,https://handbook.aph.gov.au/parliamentarians/250362
250362,"FARUQI, Dr Mehreen Saeed",Senator,Australian Greens,NSW,,Research Fellow and Research Assistant at the University of New South Wales from January 1993 to February 1999.,Employer sector not determined,https://handbook.aph.gov.au/parliamentarians/250362
299964,"FERNANDO, Cassandra",Member,Australian Labor Party,Vic,Holt,Trade Union Official from 2017 to 2022.,Union / worker organisation,https://handbook.aph.gov.au/parliamentarians/299964
299964,"FERNANDO, Cassandra",Member,Australian Labor Party,Vic,Holt,Pastry Chef from 2008 to 2017.,Employer sector not determined,https://handbook.aph.gov.au/parliamentarians/299964
299964,"FERNANDO, Cassandra",Member,Australian Labor Party,Vic,Holt,Shop Assistant at Woolworths from 2002 to 2017.,Employer sector not determined,https://handbook.aph.gov.au/parliamentarians/299964
270198,"FRANCE, Ali",Member,Australian Labor Party,Qld,Dickson,Not recorded,Unknown,https://handbook.aph.gov.au/parliamentarians/270198
265979,"FREELANDER, Dr Michael (Mike) Randolph",Member,Australian Labor Party,NSW,Macarthur,Paediatrician from 1978.,Employer sector not determined,https://handbook.aph.gov.au/parliamentarians/265979
316550,"FRENCH, Tom",Member,Australian Labor Party,WA,Moore,Not recorded,Unknown,https://handbook.aph.gov.au/parliamentarians/316550
ING,"GALLAGHER, the Hon. Katherine (Katy) Ruth",Senator,Australian Labor Party,ACT,,Organiser for the Community and Public Sector Union from 1998 to 2001.,Union / worker organisation,https://handbook.aph.gov.au/parliamentarians/ING
ING,"GALLAGHER, the Hon. Katherine (Katy) Ruth",Senator,Australian Labor Party,ACT,,Community Worker from 1993 to 1998.,Employer sector not determined,https://handbook.aph.gov.au/parliamentarians/ING
295588,"GARLAND, Dr Carina Mary Lindsay",Member,Australian Labor Party,Vic,Chisholm,Academic,Employer sector not determined,https://handbook.aph.gov.au/parliamentarians/295588
295588,"GARLAND, Dr Carina Mary Lindsay",Member,Australian Labor Party,Vic,Chisholm,Assistant Secretary of the Victorian Trades Hall Council.,Employer sector not determined,https://handbook.aph.gov.au/parliamentarians/295588
324140,"GATENBY, Chris",Senator,Liberal Party of Australia,Tas,,Not recorded,Unknown,https://handbook.aph.gov.au/parliamentarians/324140
261393,"GEE, the Hon. Andrew Robert",Member,Independent,NSW,Calare,Barrister from 2003 to 2011.,Employer sector not determined,https://handbook.aph.gov.au/parliamentarians/261393
DZY,"GEORGANAS, Steven (Steve)",Member,Australian Labor Party,SA,Adelaide,Director of the West Adelaide Football Club (SANFL) Board from 2013 to 2016.,Employer sector not determined,https://handbook.aph.gov.au/parliamentarians/DZY
DZY,"GEORGANAS, Steven (Steve)",Member,Australian Labor Party,SA,Adelaide,Director of the Statewide Super Board from 2013 to 2016.,Employer sector not determined,https://handbook.aph.gov.au/parliamentarians/DZY
DZY,"GEORGANAS, Steven (Steve)",Member,Australian Labor Party,SA,Adelaide,"Ministerial adviser to the Hon. J Weatherill, MHA (SA) from 2002 to 2004.",Political employment,https://handbook.aph.gov.au/parliamentarians/DZY
DZY,"GEORGANAS, Steven (Steve)",Member,Australian Labor Party,SA,Adelaide,Electorate officer from 1996 to 2002.,Political employment,https://handbook.aph.gov.au/parliamentarians/DZY
DZY,"GEORGANAS, Steven (Steve)",Member,Australian Labor Party,SA,Adelaide,Underwriter in Financial Services from 1987 to 1996.,Employer sector not determined,https://handbook.aph.gov.au/parliamentarians/DZY
DZY,"GEORGANAS, Steven (Steve)",Member,Australian Labor Party,SA,Adelaide,Taxi driver from 1980 to 1987.,Employer sector not determined,https://handbook.aph.gov.au/parliamentarians/DZY
257613,"GHOSH, Varun",Senator,Australian Labor Party,WA,,Not recorded,Unknown,https://handbook.aph.gov.au/parliamentarians/257613
243609,"GILES, the Hon. Andrew James",Member,Australian Labor Party,Vic,Scullin,Principal lawyer at Slater and Gordon from 2012 to 2013.,Employer sector not determined,https://handbook.aph.gov.au/parliamentarians/243609
243609,"GILES, the Hon. Andrew James",Member,Australian Labor Party,Vic,Scullin,Senior Associate at Holding Redlich.,Employer sector not determined,https://handbook.aph.gov.au/parliamentarians/243609
243609,"GILES, the Hon. Andrew James",Member,Australian Labor Party,Vic,Scullin,Chief of Staff and Senior Adviser to Ministers G Jennings and L D'Ambrosio (Vic.).,Political employment,https://handbook.aph.gov.au/parliamentarians/243609
243609,"GILES, the Hon. Andrew James",Member,Australian Labor Party,Vic,Scullin,Electorate officer,Political employment,https://handbook.aph.gov.au/parliamentarians/243609
74519,"GORMAN, the Hon. Patrick",Member,Australian Labor Party,WA,Perth,Secretary of the Australian Labor Party (WA Branch).,Employer sector not determined,https://handbook.aph.gov.au/parliamentarians/74519
74519,"GORMAN, the Hon. Patrick",Member,Australian Labor Party,WA,Perth,"Principal Adviser to the Prime Minister, the Hon. K Rudd, MP.",Political employment,https://handbook.aph.gov.au/parliamentarians/74519
245392,"GOSLING, Luke John Anthony, OAM",Member,Australian Labor Party,NT,Solomon,"Advisor to the Senator for the Northern Territory and Member for Lingiari (NT), from 2011 to 2016.",Employer sector not determined,https://handbook.aph.gov.au/parliamentarians/245392
245392,"GOSLING, Luke John Anthony, OAM",Member,Australian Labor Party,NT,Solomon,Chief Executive Officer of the St Vincent de Paul Society from 2010 to 2011.,Employer sector not determined,https://handbook.aph.gov.au/parliamentarians/245392
245392,"GOSLING, Luke John Anthony, OAM",Member,Australian Labor Party,NT,Solomon,"Founder of the Remote Area Health Corps, 2008.",Employer sector not determined,https://handbook.aph.gov.au/parliamentarians/245392
245392,"GOSLING, Luke John Anthony, OAM",Member,Australian Labor Party,NT,Solomon,Advisor to the President of Timor-Leste from 2008 to 2010.,Employer sector not determined,https://handbook.aph.gov.au/parliamentarians/245392
245392,"GOSLING, Luke John Anthony, OAM",Member,Australian Labor Party,NT,Solomon,"Military Officer in the Australian Army, Timor-Leste from 2005 to 2008.",Public service / defence (explicit role),https://handbook.aph.gov.au/parliamentarians/245392
245392,"GOSLING, Luke John Anthony, OAM",Member,Australian Labor Party,NT,Solomon,"Founder of Life, Love and Health not-for-profit (Timor-Leste) from 2002 to 2005.",Employer sector not determined,https://handbook.aph.gov.au/parliamentarians/245392
245392,"GOSLING, Luke John Anthony, OAM",Member,Australian Labor Party,NT,Solomon,Military Officer from 1990 to 2001.,Employer sector not determined,https://handbook.aph.gov.au/parliamentarians/245392
259819,"GREEN, the Hon. Nita Louise",Senator,Australian Labor Party,Qld,,Adviser to Senator M Watt.,Employer sector not determined,https://handbook.aph.gov.au/parliamentarians/259819
259819,"GREEN, the Hon. Nita Louise",Senator,Australian Labor Party,Qld,,Lawyer at Maurice Blackburn Lawyers,Employer sector not determined,https://handbook.aph.gov.au/parliamentarians/259819
259819,"GREEN, the Hon. Nita Louise",Senator,Australian Labor Party,Qld,,Industrial Officer for the Australian Manufacturing Workers' Union.,Union / worker organisation,https://handbook.aph.gov.au/parliamentarians/259819
315154,"GREGG, Matt",Member,Australian Labor Party,Vic,Deakin,Lawyer,Employer sector not determined,https://handbook.aph.gov.au/parliamentarians/315154
315154,"GREGG, Matt",Member,Australian Labor Party,Vic,Deakin,Teacher,Employer sector not determined,https://handbook.aph.gov.au/parliamentarians/315154
296331,"GROGAN, Karen Ann",Senator,Australian Labor Party,SA,,National Political Coordinator for the United Workers Union from August 2019 to September 2021.,Union / worker organisation,https://handbook.aph.gov.au/parliamentarians/296331
296331,"GROGAN, Karen Ann",Senator,Australian Labor Party,SA,,Executive Director of Wentworth Group of Concerned Scientists from November 2018 to August 2019.,Employer sector not determined,https://handbook.aph.gov.au/parliamentarians/296331
296331,"GROGAN, Karen Ann",Senator,Australian Labor Party,SA,,Deputy Chief of Staff to the Opposition Leader (SA) from March 2018 to September 2018.,Employer sector not determined,https://handbook.aph.gov.au/parliamentarians/296331
296331,"GROGAN, Karen Ann",Senator,Australian Labor Party,SA,,Deputy Chief of Staff to the Premier (SA) from March 2017 to March 2018.,Employer sector not determined,https://handbook.aph.gov.au/parliamentarians/296331
296331,"GROGAN, Karen Ann",Senator,Australian Labor Party,SA,,Chief of Staff to the Hon Mark Butler MP from September 2010 to October 2016.,Employer sector not determined,https://handbook.aph.gov.au/parliamentarians/296331
296331,"GROGAN, Karen Ann",Senator,Australian Labor Party,SA,,Chief Executive Officer for the South Australian Council of Social Service from September 2004 to October 2009.,Employer sector not determined,https://handbook.aph.gov.au/parliamentarians/296331
282335,"HAINES, Dr Helen Mary",Member,Independent,Vic,Indi,"Executive Director for Education and Research at Northeast Health, Wangaratta from 2018 to 2019.",Employer sector not determined,https://handbook.aph.gov.au/parliamentarians/282335
282335,"HAINES, Dr Helen Mary",Member,Independent,Vic,Indi,Company director at Indigo Power from 2018 to 2019.,Employer sector not determined,https://handbook.aph.gov.au/parliamentarians/282335
282335,"HAINES, Dr Helen Mary",Member,Independent,Vic,Indi,"Board member at St Catherine's, Wangaratta from 2016 to 2019.",Employer sector not determined,https://handbook.aph.gov.au/parliamentarians/282335
282335,"HAINES, Dr Helen Mary",Member,Independent,Vic,Indi,"Adjunct Visiting Research Fellow at Uppsala Universitet, Sweden from 2014 to 2019.",Employer sector not determined,https://handbook.aph.gov.au/parliamentarians/282335
282335,"HAINES, Dr Helen Mary",Member,Independent,Vic,Indi,"Postdoctoral fellow at Karolinska Institutet, Sweden, 2014.",Employer sector not determined,https://handbook.aph.gov.au/parliamentarians/282335
282335,"HAINES, Dr Helen Mary",Member,Independent,Vic,Indi,Company director at Hume Medicare Local from 2012 to 2015.,Employer sector not determined,https://handbook.aph.gov.au/parliamentarians/282335
282335,"HAINES, Dr Helen Mary",Member,Independent,Vic,Indi,Board member of the Wangaratta Unlimited Economic Advisory Board from 2010 to 2016.,Employer sector not determined,https://handbook.aph.gov.au/parliamentarians/282335
282335,"HAINES, Dr Helen Mary",Member,Independent,Vic,Indi,Director of the Rural Academic Health Network from 2007 to 2019.,Employer sector not determined,https://handbook.aph.gov.au/parliamentarians/282335
282335,"HAINES, Dr Helen Mary",Member,Independent,Vic,Indi,"Senior Research Fellow at the Department of Rural Health, University of Melbourne from 2007 to 2019.",Employer sector not determined,https://handbook.aph.gov.au/parliamentarians/282335
282335,"HAINES, Dr Helen Mary",Member,Independent,Vic,Indi,Chairperson of the Ovens and King Community Health Board from 2000 to 2010.,Employer sector not determined,https://handbook.aph.gov.au/parliamentarians/282335
291387,"HAMILTON, Garth Russell",Member,Liberal Party of Australia,Qld,Groom,Research Coordinator for CRC ORE from 2019 to 2020.,Employer sector not determined,https://handbook.aph.gov.au/parliamentarians/291387
291387,"HAMILTON, Garth Russell",Member,Liberal Party of Australia,Qld,Groom,Programme Director for Racing Queensland from 2018 to 2019.,Employer sector not determined,https://handbook.aph.gov.au/parliamentarians/291387
291387,"HAMILTON, Garth Russell",Member,Liberal Party of Australia,Qld,Groom,Director of Define Construction from 2016 to 2018.,Employer sector not determined,https://handbook.aph.gov.au/parliamentarians/291387
291387,"HAMILTON, Garth Russell",Member,Liberal Party of Australia,Qld,Groom,Programme Director at Buro Happold from 2015 to 2016.,Employer sector not determined,https://handbook.aph.gov.au/parliamentarians/291387
291387,"HAMILTON, Garth Russell",Member,Liberal Party of Australia,Qld,Groom,Project Manager at Macmahon from 2012 to 2015.,Employer sector not determined,https://handbook.aph.gov.au/parliamentarians/291387
291387,"HAMILTON, Garth Russell",Member,Liberal Party of Australia,Qld,Groom,Project Manager at Arcadis from 2010 to 2012.,Employer sector not determined,https://handbook.aph.gov.au/parliamentarians/291387
291387,"HAMILTON, Garth Russell",Member,Liberal Party of Australia,Qld,Groom,Project Manager at Balfour Beatty from 2007 to 2010.,Employer sector not determined,https://handbook.aph.gov.au/parliamentarians/291387
BK6,"HANSON, Pauline Lee",Senator,One Nation,Qld,,Small business owner from 1978 to 1997.,Private enterprise (explicit role),https://handbook.aph.gov.au/parliamentarians/BK6
BK6,"HANSON, Pauline Lee",Senator,One Nation,Qld,,Mother of four,Employer sector not determined,https://handbook.aph.gov.au/parliamentarians/BK6
I0U,"HANSON-YOUNG, Sarah Coral",Senator,Australian Greens,SA,,Freelance writer and columnist from 2007.,Employer sector not determined,https://handbook.aph.gov.au/parliamentarians/I0U
I0U,"HANSON-YOUNG, Sarah Coral",Senator,Australian Greens,SA,,"Bank teller at BankSA, 2004.",Employer sector not determined,https://handbook.aph.gov.au/parliamentarians/I0U
I0U,"HANSON-YOUNG, Sarah Coral",Senator,Australian Greens,SA,,Campaign manager for Amnesty International (SA/NT) from 2004 to 2008.,Employer sector not determined,https://handbook.aph.gov.au/parliamentarians/I0U
I0U,"HANSON-YOUNG, Sarah Coral",Senator,Australian Greens,SA,,"President of the Students' Association, University of Adelaide (SA), 2003.",Employer sector not determined,https://handbook.aph.gov.au/parliamentarians/I0U
I0U,"HANSON-YOUNG, Sarah Coral",Senator,Australian Greens,SA,,"Environment Officer for the Students' Association, University of Adelaide (SA) from 2001 to 2002.",Employer sector not determined,https://handbook.aph.gov.au/parliamentarians/I0U
I0U,"HANSON-YOUNG, Sarah Coral",Senator,Australian Greens,SA,,Customer service at the Adelaide Central Markets from 2000 to 2003.,Employer sector not determined,https://handbook.aph.gov.au/parliamentarians/I0U
260805,"HASTIE, the Hon. Andrew William",Member,Liberal Party of Australia,WA,Canning,Army Officer from 2007 to 2015.,Employer sector not determined,https://handbook.aph.gov.au/parliamentarians/260805
HWO,"HAWKE, the Hon. Alexander (Alex) George",Member,Liberal Party of Australia,NSW,Mitchell,"Adviser to R Williams, MLA, 2007.",Employer sector not determined,https://handbook.aph.gov.au/parliamentarians/HWO
HWO,"HAWKE, the Hon. Alexander (Alex) George",Member,Liberal Party of Australia,NSW,Mitchell,"Adviser to the Hon. D Clarke, MLC from 2003 to 2007.",Employer sector not determined,https://handbook.aph.gov.au/parliamentarians/HWO
HWO,"HAWKE, the Hon. Alexander (Alex) George",Member,Liberal Party of Australia,NSW,Mitchell,"Adviser to the Minister for Revenue and Assistant Treasurer, Senator the Hon. H Coonan from 2001 to 2003.",Political employment,https://handbook.aph.gov.au/parliamentarians/HWO
HWO,"HAWKE, the Hon. Alexander (Alex) George",Member,Liberal Party of Australia,NSW,Mitchell,"Retail manager, 1998.",Employer sector not determined,https://handbook.aph.gov.au/parliamentarians/HWO
ZN4,"HENDERSON, the Hon. Sarah Moya",Senator,Liberal Party of Australia,Vic,,"Senior Consultant at Clifton Group, 2011.",Employer sector not determined,https://handbook.aph.gov.au/parliamentarians/ZN4
ZN4,"HENDERSON, the Hon. Sarah Moya",Senator,Liberal Party of Australia,Vic,,Head of Business Affairs at National Indigenous Television from 2008 to 2009.,Employer sector not determined,https://handbook.aph.gov.au/parliamentarians/ZN4
ZN4,"HENDERSON, the Hon. Sarah Moya",Senator,Liberal Party of Australia,Vic,,Network Business Manager (Programming) at Network Ten from 2004 to 2006.,Employer sector not determined,https://handbook.aph.gov.au/parliamentarians/ZN4
ZN4,"HENDERSON, the Hon. Sarah Moya",Senator,Liberal Party of Australia,Vic,,Principal at Kudos Management from 2002 to 2004.,Employer sector not determined,https://handbook.aph.gov.au/parliamentarians/ZN4
ZN4,"HENDERSON, the Hon. Sarah Moya",Senator,Liberal Party of Australia,Vic,,Articled clerk and solicitor at Allens Arthur Robinson (formerly Arthur Robinson & Hedderwicks) from 2001 to 2002.,Employer sector not determined,https://handbook.aph.gov.au/parliamentarians/ZN4
ZN4,"HENDERSON, the Hon. Sarah Moya",Senator,Liberal Party of Australia,Vic,,"Attorney at News Corporation, New York (US) from 1999 to 2000.",Employer sector not determined,https://handbook.aph.gov.au/parliamentarians/ZN4
ZN4,"HENDERSON, the Hon. Sarah Moya",Senator,Liberal Party of Australia,Vic,,"Admitted to the Supreme Court as solicitor and barrister (Vic.), 1999.",Employer sector not determined,https://handbook.aph.gov.au/parliamentarians/ZN4
ZN4,"HENDERSON, the Hon. Sarah Moya",Senator,Liberal Party of Australia,Vic,,Articled clerk and solicitor at Allens Arthur Robinson (formerly Arthur Robinson & Hedderwicks) from 1998 to 1999.,Employer sector not determined,https://handbook.aph.gov.au/parliamentarians/ZN4
ZN4,"HENDERSON, the Hon. Sarah Moya",Senator,Liberal Party of Australia,Vic,,Reporter and presenter for ABC-TV from 1989 to 1997.,Employer sector not determined,https://handbook.aph.gov.au/parliamentarians/ZN4
ZN4,"HENDERSON, the Hon. Sarah Moya",Senator,Liberal Party of Australia,Vic,,"Reporter and presenter for 10 News, Melbourne (Vic.) from 1987 to 1988.",Employer sector not determined,https://handbook.aph.gov.au/parliamentarians/ZN4
ZN4,"HENDERSON, the Hon. Sarah Moya",Senator,Liberal Party of Australia,Vic,,"Reporter and presenter for 9 News, Brisbane (Qld) from 1985 to 1986.",Employer sector not determined,https://handbook.aph.gov.au/parliamentarians/ZN4
ZN4,"HENDERSON, the Hon. Sarah Moya",Senator,Liberal Party of Australia,Vic,,"Reporter for 7 News, Melbourne (Vic.) from 1982 to 1985.",Employer sector not determined,https://handbook.aph.gov.au/parliamentarians/ZN4
86256,"HILL, the Hon. Julian Christopher",Member,Australian Labor Party,Vic,Bruce,"Executive Director at the Department of Economic Development, Jobs, Transport and Resources (Vic.) from 2014 to 2016.",Employer sector not determined,https://handbook.aph.gov.au/parliamentarians/86256
86256,"HILL, the Hon. Julian Christopher",Member,Australian Labor Party,Vic,Bruce,"Executive Director at the Department of State Development, Business and Innovation (Vic.) from 2013 to 2014.",Employer sector not determined,https://handbook.aph.gov.au/parliamentarians/86256
86256,"HILL, the Hon. Julian Christopher",Member,Australian Labor Party,Vic,Bruce,Executive Director at the Department of Planning and Community Development (Vic.) from 2007 to 2013.,Employer sector not determined,https://handbook.aph.gov.au/parliamentarians/86256
86256,"HILL, the Hon. Julian Christopher",Member,Australian Labor Party,Vic,Bruce,Executive Director and other senior roles in the Department of Sustainability and Environment (Vic.) from 2002 to 2007.,Employer sector not determined,https://handbook.aph.gov.au/parliamentarians/86256
86256,"HILL, the Hon. Julian Christopher",Member,Australian Labor Party,Vic,Bruce,Mayor of the City of Port Phillip from 2000 to 2002.,Employer sector not determined,https://handbook.aph.gov.au/parliamentarians/86256
86256,"HILL, the Hon. Julian Christopher",Member,Australian Labor Party,Vic,Bruce,"Electorate Officer for A Griffin, MP from 1995 to 2000.",Political employment,https://handbook.aph.gov.au/parliamentarians/86256
310860,"HODGINS-MAY, Steph",Senator,Australian Greens,Vic,,Head of Pacific for Greenpeace Australia Pacific from 2020 to 2023.,Employer sector not determined,https://handbook.aph.gov.au/parliamentarians/310860
218019,"HOGAN, the Hon. Kevin John",Member,The Nationals,NSW,Page,Investment officer at CSRF Industry Superannuation Fund from 2006 to 2008.,Employer sector not determined,https://handbook.aph.gov.au/parliamentarians/218019
218019,"HOGAN, the Hon. Kevin John",Member,The Nationals,NSW,Page,"St Mary's High School, Casino (NSW) from 1999 to 2006.",Employer sector not determined,https://handbook.aph.gov.au/parliamentarians/218019
218019,"HOGAN, the Hon. Kevin John",Member,The Nationals,NSW,Page,Money market and bond trader at the State Bank of NSW and Colonial State Bank from 1989 to 1998.,Employer sector not determined,https://handbook.aph.gov.au/parliamentarians/218019
88411,"HOLZBERGER, Rowan",Member,Australian Labor Party,Qld,Forde,Not recorded,Unknown,https://handbook.aph.gov.au/parliamentarians/88411
266499,"HUME, the Hon. Edwina Jane (Jane)",Senator,Liberal Party of Australia,Vic,,Senior Strategic Policy Adviser for Australian Super from 2015 to 2016.,Employer sector not determined,https://handbook.aph.gov.au/parliamentarians/266499
266499,"HUME, the Hon. Edwina Jane (Jane)",Senator,Liberal Party of Australia,Vic,,Director of Federation Square from 2015 to 2016.,Employer sector not determined,https://handbook.aph.gov.au/parliamentarians/266499
266499,"HUME, the Hon. Edwina Jane (Jane)",Senator,Liberal Party of Australia,Vic,,Director at the Royal Children's Hospital from 2011 to 2016.,Employer sector not determined,https://handbook.aph.gov.au/parliamentarians/266499
266499,"HUME, the Hon. Edwina Jane (Jane)",Senator,Liberal Party of Australia,Vic,,Vice President at Deutsche Bank from 2008 to 2009.,Employer sector not determined,https://handbook.aph.gov.au/parliamentarians/266499
266499,"HUME, the Hon. Edwina Jane (Jane)",Senator,Liberal Party of Australia,Vic,,Committee of Management at PANDA from 2005 to 2006.,Employer sector not determined,https://handbook.aph.gov.au/parliamentarians/266499
266499,"HUME, the Hon. Edwina Jane (Jane)",Senator,Liberal Party of Australia,Vic,,Senior Manager at Rothschild Australia from 1999 to 2003.,Employer sector not determined,https://handbook.aph.gov.au/parliamentarians/266499
266499,"HUME, the Hon. Edwina Jane (Jane)",Senator,Liberal Party of Australia,Vic,,Private Banker at NAB from 1998 to 1999.,Employer sector not determined,https://handbook.aph.gov.au/parliamentarians/266499
266499,"HUME, the Hon. Edwina Jane (Jane)",Senator,Liberal Party of Australia,Vic,,Investment Research Manager at NAFM/ NAB from 1995 to 1998.,Employer sector not determined,https://handbook.aph.gov.au/parliamentarians/266499
91219,"HUSIC, the Hon. Edham (Ed) Nurredin",Member,Australian Labor Party,NSW,Chifley,"National President and Divisional Secretary of the Communications Division, Communications, Electrical and Plumbing Union from 2006 to 2010.",Union / worker organisation,https://handbook.aph.gov.au/parliamentarians/91219
91219,"HUSIC, the Hon. Edham (Ed) Nurredin",Member,Australian Labor Party,NSW,Chifley,"Chief of Staff to the Minister for Water Utilities, Regional Development, Small Business and the Illawarra (NSW) from 2005 to 2006.",Political employment,https://handbook.aph.gov.au/parliamentarians/91219
91219,"HUSIC, the Hon. Edham (Ed) Nurredin",Member,Australian Labor Party,NSW,Chifley,Corporate Affairs Manager at Integral Energy from 1999 to 2004.,Employer sector not determined,https://handbook.aph.gov.au/parliamentarians/91219
91219,"HUSIC, the Hon. Edham (Ed) Nurredin",Member,Australian Labor Party,NSW,Chifley,"Official and Divisional Vice-President of the Communications, Electrical and Plumbing Union from 1996 to 1999.",Union / worker organisation,https://handbook.aph.gov.au/parliamentarians/91219
91219,"HUSIC, the Hon. Edham (Ed) Nurredin",Member,Australian Labor Party,NSW,Chifley,"Assistant adviser to the Minister for Communications, Arts and Tourism from 1994 to 1996.",Political employment,https://handbook.aph.gov.au/parliamentarians/91219
91219,"HUSIC, the Hon. Edham (Ed) Nurredin",Member,Australian Labor Party,NSW,Chifley,Senior consultant at Burson-Marsteller from 1993 to 1994.,Employer sector not determined,https://handbook.aph.gov.au/parliamentarians/91219
91219,"HUSIC, the Hon. Edham (Ed) Nurredin",Member,Australian Labor Party,NSW,Chifley,Assistant adviser to the Parliamentary Secretary for Defence from 1991 to 1993.,Employer sector not determined,https://handbook.aph.gov.au/parliamentarians/91219
298574,"JARRETT, Madonna",Member,Australian Labor Party,Qld,Brisbane,Employed at Deloitte,Employer sector not determined,https://handbook.aph.gov.au/parliamentarians/298574
298574,"JARRETT, Madonna",Member,Australian Labor Party,Qld,Brisbane,Radiographer,Employer sector not determined,https://handbook.aph.gov.au/parliamentarians/298574
298574,"JARRETT, Madonna",Member,Australian Labor Party,Qld,Brisbane,Adviser to the New South Wales and Queensland Governments,Employer sector not determined,https://handbook.aph.gov.au/parliamentarians/298574
316021,"JORDAN-BAIRD, Alice",Member,Australian Labor Party,Vic,Gorton,Government and Policy Manager for Melbourne Water from January 2023 to February 2025.,Employer sector not determined,https://handbook.aph.gov.au/parliamentarians/316021
316021,"JORDAN-BAIRD, Alice",Member,Australian Labor Party,Vic,Gorton,Ministerial Adviser for Education and Public Transport from June 2019 to July 2022.,Political employment,https://handbook.aph.gov.au/parliamentarians/316021
316021,"JORDAN-BAIRD, Alice",Member,Australian Labor Party,Vic,Gorton,Communications Adviser from 2015 to 2019.,Employer sector not determined,https://handbook.aph.gov.au/parliamentarians/316021
316021,"JORDAN-BAIRD, Alice",Member,Australian Labor Party,Vic,Gorton,Family Support Volunteer from 2013 to 2016.,Employer sector not determined,https://handbook.aph.gov.au/parliamentarians/316021
E5D,"JOYCE, the Hon. Barnaby Thomas Gerard",Member,One Nation,NSW,New England,Self-employed accountant from 1998 to 2005.,Private enterprise (explicit role),https://handbook.aph.gov.au/parliamentarians/E5D
E5D,"JOYCE, the Hon. Barnaby Thomas Gerard",Member,One Nation,NSW,New England,Rural banker from 1994 to 1998.,Employer sector not determined,https://handbook.aph.gov.au/parliamentarians/E5D
E5D,"JOYCE, the Hon. Barnaby Thomas Gerard",Member,One Nation,NSW,New England,Accountant from 1991 to 1994.,Employer sector not determined,https://handbook.aph.gov.au/parliamentarians/E5D
E5D,"JOYCE, the Hon. Barnaby Thomas Gerard",Member,One Nation,NSW,New England,Farm worker from 1989 to 1991.,Employer sector not determined,https://handbook.aph.gov.au/parliamentarians/E5D
HX4,"KATTER, the Hon. Robert (Bob) Carl",Member,Katter's Australian Party,Qld,Kennedy,Labourer,Employer sector not determined,https://handbook.aph.gov.au/parliamentarians/HX4
HX4,"KATTER, the Hon. Robert (Bob) Carl",Member,Katter's Australian Party,Qld,Kennedy,"Insurance, small mining and cattle interests",Employer sector not determined,https://handbook.aph.gov.au/parliamentarians/HX4
LTU,"KEARNEY, the Hon. Gerardine (Ged) Mary",Member,Australian Labor Party,Vic,Cooper,President of the Australian Council of Trade Unions from 2010 to 2018.,Union / worker organisation,https://handbook.aph.gov.au/parliamentarians/LTU
LTU,"KEARNEY, the Hon. Gerardine (Ged) Mary",Member,Australian Labor Party,Vic,Cooper,Secretary of the Australian Nursing Federation from 2008 to 2010.,Employer sector not determined,https://handbook.aph.gov.au/parliamentarians/LTU
LTU,"KEARNEY, the Hon. Gerardine (Ged) Mary",Member,Australian Labor Party,Vic,Cooper,Assistant Secretary of the Australian Nursing Federation from 2002 to 2008.,Employer sector not determined,https://handbook.aph.gov.au/parliamentarians/LTU
LTU,"KEARNEY, the Hon. Gerardine (Ged) Mary",Member,Australian Labor Party,Vic,Cooper,Deputy Director of Nursing at the Clinical Nursing Education Department from 2000 to 2002.,Employer sector not determined,https://handbook.aph.gov.au/parliamentarians/LTU
267506,"KENNEDY, Simon Peter",Member,Liberal Party of Australia,NSW,Cook,Management Consultant,Employer sector not determined,https://handbook.aph.gov.au/parliamentarians/267506
267506,"KENNEDY, Simon Peter",Member,Liberal Party of Australia,NSW,Cook,Advisor at the Department of Prime Minister and Cabinet.,Political employment,https://handbook.aph.gov.au/parliamentarians/267506
267506,"KENNEDY, Simon Peter",Member,Liberal Party of Australia,NSW,Cook,Paralegal at Clayton Utz,Employer sector not determined,https://handbook.aph.gov.au/parliamentarians/267506
249147,"KEOGH, the Hon. Matthew (Matt) James",Member,Australian Labor Party,WA,Burt,"Director at the Law Council of Australia, 2015.",Employer sector not determined,https://handbook.aph.gov.au/parliamentarians/249147
249147,"KEOGH, the Hon. Matthew (Matt) James",Member,Australian Labor Party,WA,Burt,"President of the Law Society of Western Australia, 2015.",Employer sector not determined,https://handbook.aph.gov.au/parliamentarians/249147
249147,"KEOGH, the Hon. Matthew (Matt) James",Member,Australian Labor Party,WA,Burt,Commercial Lawyer at Herbert Smith Freehills from 2011 to 2016.,Employer sector not determined,https://handbook.aph.gov.au/parliamentarians/249147
249147,"KEOGH, the Hon. Matthew (Matt) James",Member,Australian Labor Party,WA,Burt,Prosecutor at the Commonwealth Director of Public Prosecutions from 2006 to 2011.,Employer sector not determined,https://handbook.aph.gov.au/parliamentarians/249147
249147,"KEOGH, the Hon. Matthew (Matt) James",Member,Australian Labor Party,WA,Burt,Solicitor at Travers and Keogh from 2005 to 2006.,Employer sector not determined,https://handbook.aph.gov.au/parliamentarians/249147
249147,"KEOGH, the Hon. Matthew (Matt) James",Member,Australian Labor Party,WA,Burt,"Liaison Officer for the Minister for Planning and Infrastructure (WA), 2003.",Employer sector not determined,https://handbook.aph.gov.au/parliamentarians/249147
249147,"KEOGH, the Hon. Matthew (Matt) James",Member,Australian Labor Party,WA,Burt,Policy Officer at the Department of Premier and Cabinet (WA) from 2003 to 2005.,Employer sector not determined,https://handbook.aph.gov.au/parliamentarians/249147
249147,"KEOGH, the Hon. Matthew (Matt) James",Member,Australian Labor Party,WA,Burt,Senior Customer Service Officer for iiNet from 2000 to 2002.,Employer sector not determined,https://handbook.aph.gov.au/parliamentarians/249147
101351,"KHALIL, the Hon. Peter",Member,Australian Labor Party,Vic,Wills,Not recorded,Unknown,https://handbook.aph.gov.au/parliamentarians/101351
00AMR,"KING, the Hon. Catherine Fiona",Member,Australian Labor Party,Vic,Ballarat,Senior Manager at KPMG Consulting from 1999 to 2001.,Employer sector not determined,https://handbook.aph.gov.au/parliamentarians/00AMR
00AMR,"KING, the Hon. Catherine Fiona",Member,Australian Labor Party,Vic,Ballarat,Director of Injury Prevention in the Population Health Division at the Department of Health and Aged Care from 1998 to 1999.,Employer sector not determined,https://handbook.aph.gov.au/parliamentarians/00AMR
00AMR,"KING, the Hon. Catherine Fiona",Member,Australian Labor Party,Vic,Ballarat,Assistant Director of Population Health Division at the Department of Health and Aged Care from 1997 to 1998.,Employer sector not determined,https://handbook.aph.gov.au/parliamentarians/00AMR
00AMR,"KING, the Hon. Catherine Fiona",Member,Australian Labor Party,Vic,Ballarat,"Research officer to the Parliamentary Secretary to the Minister for Health, 1993.",Political employment,https://handbook.aph.gov.au/parliamentarians/00AMR
00AMR,"KING, the Hon. Catherine Fiona",Member,Australian Labor Party,Vic,Ballarat,Industry policy officer for the Australia New Zealand Food Authority from 1993 to 1994.,Employer sector not determined,https://handbook.aph.gov.au/parliamentarians/00AMR
00AMR,"KING, the Hon. Catherine Fiona",Member,Australian Labor Party,Vic,Ballarat,"Social worker at the Children's Homes and Family Services, Ballarat (Vic.) from 1988 to 1992.",Employer sector not determined,https://handbook.aph.gov.au/parliamentarians/00AMR
00AMR,"KING, the Hon. Catherine Fiona",Member,Australian Labor Party,Vic,Ballarat,"Assistant Director, National Public Health Partnership",Employer sector not determined,https://handbook.aph.gov.au/parliamentarians/00AMR
102376,"KING, the Hon. Madeleine Mary Harvie",Member,Australian Labor Party,WA,Brand,Director of Centenary Celebrations and Principal Adviser of Strategic Projects at the University of Western Australia from 2012 to 2013.,Employer sector not determined,https://handbook.aph.gov.au/parliamentarians/102376
102376,"KING, the Hon. Madeleine Mary Harvie",Member,Australian Labor Party,WA,Brand,Chief Operating Officer at the Perth USAsia Centre from 2012 to 2016.,Employer sector not determined,https://handbook.aph.gov.au/parliamentarians/102376
102376,"KING, the Hon. Madeleine Mary Harvie",Member,Australian Labor Party,WA,Brand,Ministerial Adviser to the Hon. G Gray MP from 2011 to 2012.,Political employment,https://handbook.aph.gov.au/parliamentarians/102376
102376,"KING, the Hon. Madeleine Mary Harvie",Member,Australian Labor Party,WA,Brand,Chief of Staff for the University of Western Australia from 2008 to 2011.,Employer sector not determined,https://handbook.aph.gov.au/parliamentarians/102376
102376,"KING, the Hon. Madeleine Mary Harvie",Member,Australian Labor Party,WA,Brand,Research Contracts Lawyer for the University of Western Australia from 2005 to 2008.,Employer sector not determined,https://handbook.aph.gov.au/parliamentarians/102376
102376,"KING, the Hon. Madeleine Mary Harvie",Member,Australian Labor Party,WA,Brand,"Admitted as a Solicitor to the High Court of Australia, 2004.",Employer sector not determined,https://handbook.aph.gov.au/parliamentarians/102376
102376,"KING, the Hon. Madeleine Mary Harvie",Member,Australian Labor Party,WA,Brand,"Admitted as Solicitor and Barrister to the Supreme Court (WA), 1998.",Employer sector not determined,https://handbook.aph.gov.au/parliamentarians/102376
102376,"KING, the Hon. Madeleine Mary Harvie",Member,Australian Labor Party,WA,Brand,Solicitor in commercial law at private legal practice from 1997 to 2005.,Employer sector not determined,https://handbook.aph.gov.au/parliamentarians/102376
306168,"KOVACIC, Maria",Senator,Liberal Party of Australia,NSW,,Deputy Chair of Croatian Women in Leadership (AUS-NZ) from July 2021 to August 2022.,Employer sector not determined,https://handbook.aph.gov.au/parliamentarians/306168
306168,"KOVACIC, Maria",Senator,Liberal Party of Australia,NSW,,Director at the Franchise Council of Australia from November 2020 to May 2023.,Employer sector not determined,https://handbook.aph.gov.au/parliamentarians/306168
306168,"KOVACIC, Maria",Senator,Liberal Party of Australia,NSW,,Women@Eels Steering Committee Member for the Parramatta Eels NRL Club from February 2018 to May 2023.,Employer sector not determined,https://handbook.aph.gov.au/parliamentarians/306168
306168,"KOVACIC, Maria",Senator,Liberal Party of Australia,NSW,,Member of the Women@Eels NRLW Advisory Committee from February 2018 to May 2023.,Employer sector not determined,https://handbook.aph.gov.au/parliamentarians/306168
306168,"KOVACIC, Maria",Senator,Liberal Party of Australia,NSW,,Managing Partner at Western Sydney Advisory from March 2016 to June 2019.,Employer sector not determined,https://handbook.aph.gov.au/parliamentarians/306168
306168,"KOVACIC, Maria",Senator,Liberal Party of Australia,NSW,,Co-founder of Western Sydney Women from June 2015 to July 2019.,Employer sector not determined,https://handbook.aph.gov.au/parliamentarians/306168
306168,"KOVACIC, Maria",Senator,Liberal Party of Australia,NSW,,"President, Board Chair and Board Member of Hills Community Aid & Information Service from March 2015 to September 2022.",Employer sector not determined,https://handbook.aph.gov.au/parliamentarians/306168
306168,"KOVACIC, Maria",Senator,Liberal Party of Australia,NSW,,Franchise Business Owner ANZ Bank from January 2006 to 30.11.2021.,Private enterprise (explicit role),https://handbook.aph.gov.au/parliamentarians/306168
250026,"LAMBIE, Jacquiline (Jacqui) Louise",Senator,Jacqui Lambie Network,Tas,,Soldier in the Australian Defence Force from 1989 to 2000.,Employer sector not determined,https://handbook.aph.gov.au/parliamentarians/250026
249764,"LANDRY, the Hon. Michelle Leanne",Member,The Nationals,Qld,Capricornia,Electorate officer from 2010 to 2012.,Political employment,https://handbook.aph.gov.au/parliamentarians/249764
249764,"LANDRY, the Hon. Michelle Leanne",Member,The Nationals,Qld,Capricornia,Small business owner from 2007 to 2013.,Private enterprise (explicit role),https://handbook.aph.gov.au/parliamentarians/249764
249764,"LANDRY, the Hon. Michelle Leanne",Member,The Nationals,Qld,Capricornia,Book-keeper and property management in family construction business from 1999 to 2009.,Employer sector not determined,https://handbook.aph.gov.au/parliamentarians/249764
249764,"LANDRY, the Hon. Michelle Leanne",Member,The Nationals,Qld,Capricornia,Supervisor at the National Australia Bank from 1985 to 2007.,Employer sector not determined,https://handbook.aph.gov.au/parliamentarians/249764
249764,"LANDRY, the Hon. Michelle Leanne",Member,The Nationals,Qld,Capricornia,Pathology and medical biochemistry laboratory assistant from 1978 to 1985.,Employer sector not determined,https://handbook.aph.gov.au/parliamentarians/249764
299150,"LAWRENCE, Tania",Member,Australian Labor Party,WA,Hasluck,Managing Director of Beelu Forest Distilling Company Pty Ltd from 2021.,Employer sector not determined,https://handbook.aph.gov.au/parliamentarians/299150
299150,"LAWRENCE, Tania",Member,Australian Labor Party,WA,Hasluck,"Senior Policy Adviser to the Minister for Regional Development, Agriculture and Food (WA) from 2020 to 2021.",Political employment,https://handbook.aph.gov.au/parliamentarians/299150
299150,"LAWRENCE, Tania",Member,Australian Labor Party,WA,Hasluck,Senior Manager at Woodside Energy Pty Ltd from 2010 to 2019.,Employer sector not determined,https://handbook.aph.gov.au/parliamentarians/299150
299150,"LAWRENCE, Tania",Member,Australian Labor Party,WA,Hasluck,Principal Policy Manager at the Department of Premier and Cabinet (WA) from 2001 to 2010.,Employer sector not determined,https://handbook.aph.gov.au/parliamentarians/299150
299174,"LAXALE, Jerome",Member,Australian Labor Party,NSW,Bennelong,Associate Director for Local Government Procurement from November 2020 to June 2022.,Employer sector not determined,https://handbook.aph.gov.au/parliamentarians/299174
299174,"LAXALE, Jerome",Member,Australian Labor Party,NSW,Bennelong,Treasurer for Local Government NSW from October 2019 to July 2022.,Employer sector not determined,https://handbook.aph.gov.au/parliamentarians/299174
299174,"LAXALE, Jerome",Member,Australian Labor Party,NSW,Bennelong,Non-Executive Director at StateCover Mutual from September 2018 to June 2022.,Employer sector not determined,https://handbook.aph.gov.au/parliamentarians/299174
299174,"LAXALE, Jerome",Member,Australian Labor Party,NSW,Bennelong,Vice-President of the Northern Sydney Region of Councils from November 2017 to November 2018.,Employer sector not determined,https://handbook.aph.gov.au/parliamentarians/299174
299174,"LAXALE, Jerome",Member,Australian Labor Party,NSW,Bennelong,Chairperson of the Parramatta River Catchment Group from September 2015 to October 2017.,Employer sector not determined,https://handbook.aph.gov.au/parliamentarians/299174
299174,"LAXALE, Jerome",Member,Australian Labor Party,NSW,Bennelong,General Manager and Director of Laxale's Hair and Beauty Supplies from November 2004 to November 2017.,Employer sector not determined,https://handbook.aph.gov.au/parliamentarians/299174
295676,"LE, Dai Trang",Member,Independent,NSW,Fowler,Business owner from 2014 to 2022.,Private enterprise (explicit role),https://handbook.aph.gov.au/parliamentarians/295676
295676,"LE, Dai Trang",Member,Independent,NSW,Fowler,Journalist from 1991 to 2008.,Employer sector not determined,https://handbook.aph.gov.au/parliamentarians/295676
109556,"LEESER, Julian Martin",Member,Liberal Party of Australia,NSW,Berowra,Senior Executive at the Australian Catholic University from 2012 to 2016.,Employer sector not determined,https://handbook.aph.gov.au/parliamentarians/109556
109556,"LEESER, Julian Martin",Member,Liberal Party of Australia,NSW,Berowra,Visiting Fellow at the Alfred A. Taubman Centre for State and Local Government in the John F Kennedy School of Government at Harvard University from 2006 to 2007.,Employer sector not determined,https://handbook.aph.gov.au/parliamentarians/109556
109556,"LEESER, Julian Martin",Member,Liberal Party of Australia,NSW,Berowra,Executive Director at the Menzies Research Centre from 2006 to 2012.,Employer sector not determined,https://handbook.aph.gov.au/parliamentarians/109556
109556,"LEESER, Julian Martin",Member,Liberal Party of Australia,NSW,Berowra,"Special Advisor to the Attorney General, the Hon. P Ruddock from 2004 to 2006.",Employer sector not determined,https://handbook.aph.gov.au/parliamentarians/109556
109556,"LEESER, Julian Martin",Member,Liberal Party of Australia,NSW,Berowra,Solicitor at Mallesons Stephen Jacques from 2002 to 2004.,Employer sector not determined,https://handbook.aph.gov.au/parliamentarians/109556
109556,"LEESER, Julian Martin",Member,Liberal Party of Australia,NSW,Berowra,"Advisor to the Minister for Employment, Workplace Relations and Small Business, the Hon. A Abbott MP, 2001.",Political employment,https://handbook.aph.gov.au/parliamentarians/109556
109556,"LEESER, Julian Martin",Member,Liberal Party of Australia,NSW,Berowra,"Associate to the Hon. I Callinan AC QC at the High Court of Australia, 2000.",Employer sector not determined,https://handbook.aph.gov.au/parliamentarians/109556
109556,"LEESER, Julian Martin",Member,Liberal Party of Australia,NSW,Berowra,Company Director,Employer sector not determined,https://handbook.aph.gov.au/parliamentarians/109556
BU8,"LEIGH, the Hon. Dr Andrew Keith",Member,Australian Labor Party,ACT,Fenner,Principal Adviser at the Australian Treasury from 2008 to 2009.,Employer sector not determined,https://handbook.aph.gov.au/parliamentarians/BU8
BU8,"LEIGH, the Hon. Dr Andrew Keith",Member,Australian Labor Party,ACT,Fenner,Professor of Economics at the Australian National University from 2004 to 2010.,Employer sector not determined,https://handbook.aph.gov.au/parliamentarians/BU8
BU8,"LEIGH, the Hon. Dr Andrew Keith",Member,Australian Labor Party,ACT,Fenner,"Research Fellow at the Progressive Policy Institute, Washington DC, 2001.",Employer sector not determined,https://handbook.aph.gov.au/parliamentarians/BU8
BU8,"LEIGH, the Hon. Dr Andrew Keith",Member,Australian Labor Party,ACT,Fenner,Senior Trade Adviser to Senator the Hon. P Cook from 1998 to 2000.,Employer sector not determined,https://handbook.aph.gov.au/parliamentarians/BU8
BU8,"LEIGH, the Hon. Dr Andrew Keith",Member,Australian Labor Party,ACT,Fenner,High Court Associate to Justice Michael Kirby from 1997 to 1998.,Employer sector not determined,https://handbook.aph.gov.au/parliamentarians/BU8
BU8,"LEIGH, the Hon. Dr Andrew Keith",Member,Australian Labor Party,ACT,Fenner,Lawyer at Minter Ellison in Sydney and London from 1995 to 1997.,Employer sector not determined,https://handbook.aph.gov.au/parliamentarians/BU8
300644,"LIDDLE, Kerrynne Jeanette",Senator,Liberal Party of Australia,SA,,Business Owner,Private enterprise (explicit role),https://handbook.aph.gov.au/parliamentarians/300644
300130,"LIM, Sam",Member,Australian Labor Party,WA,Tangney,Police Officer from 6.11.2006 to 20.5.2022.,Public service / defence (explicit role),https://handbook.aph.gov.au/parliamentarians/300130
300130,"LIM, Sam",Member,Australian Labor Party,WA,Tangney,Patrol and Security Officer from 2005 to 2006.,Employer sector not determined,https://handbook.aph.gov.au/parliamentarians/300130
300130,"LIM, Sam",Member,Australian Labor Party,WA,Tangney,Business Owner from 29.2.1988 to 2005.,Private enterprise (explicit role),https://handbook.aph.gov.au/parliamentarians/300130
300130,"LIM, Sam",Member,Australian Labor Party,WA,Tangney,Dolphin Trainer from 1980 to 1984.,Employer sector not determined,https://handbook.aph.gov.au/parliamentarians/300130
300130,"LIM, Sam",Member,Australian Labor Party,WA,Tangney,Police Officer from 1980 to 1981.,Public service / defence (explicit role),https://handbook.aph.gov.au/parliamentarians/300130
112096,"LINES, the Hon. Susan (Sue)",Senator,Australian Labor Party,WA,,Assistant Secretary of United Voice from 2007 to 2013.,Employer sector not determined,https://handbook.aph.gov.au/parliamentarians/112096
112096,"LINES, the Hon. Susan (Sue)",Senator,Australian Labor Party,WA,,Assistant Secretary of United Voice (WA) from 2001 to 2007.,Employer sector not determined,https://handbook.aph.gov.au/parliamentarians/112096
112096,"LINES, the Hon. Susan (Sue)",Senator,Australian Labor Party,WA,,Organiser for United Voice from 1987 to 2001.,Employer sector not determined,https://handbook.aph.gov.au/parliamentarians/112096
112096,"LINES, the Hon. Susan (Sue)",Senator,Australian Labor Party,WA,,Community organiser from 1985 to 1987.,Employer sector not determined,https://handbook.aph.gov.au/parliamentarians/112096
112096,"LINES, the Hon. Susan (Sue)",Senator,Australian Labor Party,WA,,Teacher from 1984 to 1985.,Employer sector not determined,https://handbook.aph.gov.au/parliamentarians/112096
265585,"LITTLEPROUD, the Hon. David Kelly",Member,The Nationals,Qld,Maranoa,Banking and finance from 1994 to 2016.,Employer sector not determined,https://handbook.aph.gov.au/parliamentarians/265585
265585,"LITTLEPROUD, the Hon. David Kelly",Member,The Nationals,Qld,Maranoa,"Cotton Chipper, 1993.",Employer sector not determined,https://handbook.aph.gov.au/parliamentarians/265585
HWQ,"MARLES, the Hon. Richard Donald",Member,Australian Labor Party,Vic,Corio,Assistant Secretary of the Australian Council of Trade Unions from 2000 to 2007.,Union / worker organisation,https://handbook.aph.gov.au/parliamentarians/HWQ
HWQ,"MARLES, the Hon. Richard Donald",Member,Australian Labor Party,Vic,Corio,Assistant Secretary of the Transport Workers' Union from 1998 to 2000.,Union / worker organisation,https://handbook.aph.gov.au/parliamentarians/HWQ
HWQ,"MARLES, the Hon. Richard Donald",Member,Australian Labor Party,Vic,Corio,Legal Officer for the Transport Workers' Union from 1994 to 1998.,Union / worker organisation,https://handbook.aph.gov.au/parliamentarians/HWQ
HWQ,"MARLES, the Hon. Richard Donald",Member,Australian Labor Party,Vic,Corio,Solicitor from 1993 to 1994.,Employer sector not determined,https://handbook.aph.gov.au/parliamentarians/HWQ
298800,"MASCARENHAS, Zaneta Felice Antoinetta",Member,Australian Labor Party,WA,Swan,WA Manager for Energetics from 2019 to 2022.,Employer sector not determined,https://handbook.aph.gov.au/parliamentarians/298800
298800,"MASCARENHAS, Zaneta Felice Antoinetta",Member,Australian Labor Party,WA,Swan,WA Team Leader for Energetics from 2013 to 2019.,Employer sector not determined,https://handbook.aph.gov.au/parliamentarians/298800
298800,"MASCARENHAS, Zaneta Felice Antoinetta",Member,Australian Labor Party,WA,Swan,Manager for Energetics from 2012 to 2013.,Employer sector not determined,https://handbook.aph.gov.au/parliamentarians/298800
298800,"MASCARENHAS, Zaneta Felice Antoinetta",Member,Australian Labor Party,WA,Swan,National Vice-President of Professionals Australia from 2012 to 2013.,Employer sector not determined,https://handbook.aph.gov.au/parliamentarians/298800
298800,"MASCARENHAS, Zaneta Felice Antoinetta",Member,Australian Labor Party,WA,Swan,"President of Professionals Australia (WA Branch), 2011.",Employer sector not determined,https://handbook.aph.gov.au/parliamentarians/298800
298800,"MASCARENHAS, Zaneta Felice Antoinetta",Member,Australian Labor Party,WA,Swan,Member of the Professionals Australia Executive (WA Branch) from 2009 to 2010.,Employer sector not determined,https://handbook.aph.gov.au/parliamentarians/298800
298800,"MASCARENHAS, Zaneta Felice Antoinetta",Member,Australian Labor Party,WA,Swan,Senior Consultant for Energetics from 2009 to 2012.,Employer sector not determined,https://handbook.aph.gov.au/parliamentarians/298800
298800,"MASCARENHAS, Zaneta Felice Antoinetta",Member,Australian Labor Party,WA,Swan,Presenter for The Climate Reality Project from 2009 to 2022.,Employer sector not determined,https://handbook.aph.gov.au/parliamentarians/298800
298800,"MASCARENHAS, Zaneta Felice Antoinetta",Member,Australian Labor Party,WA,Swan,Process Engineer for GHD from 2008 to 2009.,Employer sector not determined,https://handbook.aph.gov.au/parliamentarians/298800
298800,"MASCARENHAS, Zaneta Felice Antoinetta",Member,Australian Labor Party,WA,Swan,Communications Consultant for the Water and Sanitation Program (WSP) of the World Bank from 2007 to 2008.,Employer sector not determined,https://handbook.aph.gov.au/parliamentarians/298800
298800,"MASCARENHAS, Zaneta Felice Antoinetta",Member,Australian Labor Party,WA,Swan,Process Engineer for Iluka Resources from 2005 to 2007.,Employer sector not determined,https://handbook.aph.gov.au/parliamentarians/298800
298800,"MASCARENHAS, Zaneta Felice Antoinetta",Member,Australian Labor Party,WA,Swan,President of the National Union of Students (WA Branch) from 2003 to 2004.,Union / worker organisation,https://handbook.aph.gov.au/parliamentarians/298800
298800,"MASCARENHAS, Zaneta Felice Antoinetta",Member,Australian Labor Party,WA,Swan,"President of the Curtin University Student Guild, 2002.",Employer sector not determined,https://handbook.aph.gov.au/parliamentarians/298800
121628,"McALLISTER, the Hon. Jennifer (Jenny) Ryll",Senator,Australian Labor Party,NSW,,Director at AECOM from 2010 to 2015.,Employer sector not determined,https://handbook.aph.gov.au/parliamentarians/121628
121628,"McALLISTER, the Hon. Jennifer (Jenny) Ryll",Senator,Australian Labor Party,NSW,,Public Servant (NSW) from 2006 to 2010.,Public service / defence (explicit role),https://handbook.aph.gov.au/parliamentarians/121628
121628,"McALLISTER, the Hon. Jennifer (Jenny) Ryll",Senator,Australian Labor Party,NSW,,Adviser to the Minister for Environment (NSW) from 2002 to 2006.,Political employment,https://handbook.aph.gov.au/parliamentarians/121628
281988,"McBAIN, the Hon. Kristy Louise",Member,Australian Labor Party,NSW,Eden-Monaro,Small Business Owner from 2012 to 2020.,Private enterprise (explicit role),https://handbook.aph.gov.au/parliamentarians/281988
281988,"McBAIN, the Hon. Kristy Louise",Member,Australian Labor Party,NSW,Eden-Monaro,Lawyer from 2005 to 2018.,Employer sector not determined,https://handbook.aph.gov.au/parliamentarians/281988
281988,"McBAIN, the Hon. Kristy Louise",Member,Australian Labor Party,NSW,Eden-Monaro,Paralegal from 2004 to 2005.,Employer sector not determined,https://handbook.aph.gov.au/parliamentarians/281988
281988,"McBAIN, the Hon. Kristy Louise",Member,Australian Labor Party,NSW,Eden-Monaro,Library Assistant from 2002 to 2005.,Employer sector not determined,https://handbook.aph.gov.au/parliamentarians/281988
281988,"McBAIN, the Hon. Kristy Louise",Member,Australian Labor Party,NSW,Eden-Monaro,Waitress from 2000 to 2004.,Employer sector not determined,https://handbook.aph.gov.au/parliamentarians/281988
281988,"McBAIN, the Hon. Kristy Louise",Member,Australian Labor Party,NSW,Eden-Monaro,Pharmacy Assistant from 1995 to 2003.,Employer sector not determined,https://handbook.aph.gov.au/parliamentarians/281988
248353,"McBRIDE, the Hon. Emma Margaret",Member,Australian Labor Party,NSW,Dobell,"Board member of the Central Coast Heart Netball Premier League (NSW), 2016.",Employer sector not determined,https://handbook.aph.gov.au/parliamentarians/248353
248353,"McBRIDE, the Hon. Emma Margaret",Member,Australian Labor Party,NSW,Dobell,"Deputy Director of Pharmacy at Wyong Hospital (NSW), 2016.",Employer sector not determined,https://handbook.aph.gov.au/parliamentarians/248353
248353,"McBRIDE, the Hon. Emma Margaret",Member,Australian Labor Party,NSW,Dobell,Director (volunteer) at Wyong Community Bendigo Bank from 2009 to 2013.,Employer sector not determined,https://handbook.aph.gov.au/parliamentarians/248353
248353,"McBRIDE, the Hon. Emma Margaret",Member,Australian Labor Party,NSW,Dobell,Chief Pharmacist at Wyong Hospital (NSW) from 2008 to 2016.,Employer sector not determined,https://handbook.aph.gov.au/parliamentarians/248353
248353,"McBRIDE, the Hon. Emma Margaret",Member,Australian Labor Party,NSW,Dobell,Specialist Mental Health Pharmacist at Wyong Hospital (NSW) from 2006 to 2015.,Employer sector not determined,https://handbook.aph.gov.au/parliamentarians/248353
122087,"McCARTHY, the Hon. Malarndirri Barbara Anne",Senator,Australian Labor Party,NT,,"Freelance journalist for Malarndirri Media, 2016.",Employer sector not determined,https://handbook.aph.gov.au/parliamentarians/122087
122087,"McCARTHY, the Hon. Malarndirri Barbara Anne",Senator,Australian Labor Party,NT,,Presenter for SBS/NITV News from 2012 to 2016.,Employer sector not determined,https://handbook.aph.gov.au/parliamentarians/122087
122087,"McCARTHY, the Hon. Malarndirri Barbara Anne",Senator,Australian Labor Party,NT,,Journalist for ABC News and Current Affairs from 1989 to 2005.,Employer sector not determined,https://handbook.aph.gov.au/parliamentarians/122087
219646,"McCORMACK, the Hon. Michael Francis",Member,The Nationals,NSW,Riverina,Publisher for MSS Media Services and Solutions from 2002 to 2010.,Employer sector not determined,https://handbook.aph.gov.au/parliamentarians/219646
219646,"McCORMACK, the Hon. Michael Francis",Member,The Nationals,NSW,Riverina,Editor of the Riverina Media Group from 1996 to 2002.,Employer sector not determined,https://handbook.aph.gov.au/parliamentarians/219646
219646,"McCORMACK, the Hon. Michael Francis",Member,The Nationals,NSW,Riverina,"Editor of the Daily Advertiser, Wagga Wagga (NSW) from 1992 to 2002.",Employer sector not determined,https://handbook.aph.gov.au/parliamentarians/219646
219646,"McCORMACK, the Hon. Michael Francis",Member,The Nationals,NSW,Riverina,"Acting Editor for the Daily Advertiser, Wagga Wagga (NSW) from 1991 to 1992.",Employer sector not determined,https://handbook.aph.gov.au/parliamentarians/219646
219646,"McCORMACK, the Hon. Michael Francis",Member,The Nationals,NSW,Riverina,"Sub-editor for the Daily Advertiser, Wagga Wagga (NSW) from 1988 to 1991.",Employer sector not determined,https://handbook.aph.gov.au/parliamentarians/219646
219646,"McCORMACK, the Hon. Michael Francis",Member,The Nationals,NSW,Riverina,"Journalist and reporter for the Daily Advertiser, Wagga Wagga (NSW) from 1981 to 1988.",Employer sector not determined,https://handbook.aph.gov.au/parliamentarians/219646
123072,"McDONALD, Susan Eileen",Senator,The Nationals,Qld,,Business Manager from 2014 to 2019.,Employer sector not determined,https://handbook.aph.gov.au/parliamentarians/123072
123072,"McDONALD, Susan Eileen",Senator,The Nationals,Qld,,Chief of Staff in the Queensland Government from 2012 to 2014.,Employer sector not determined,https://handbook.aph.gov.au/parliamentarians/123072
217241,"McGRATH, the Hon. James",Senator,Liberal Party of Australia,Qld,,"Campaign Director for the Country Liberal Party (NT), 2012.",Employer sector not determined,https://handbook.aph.gov.au/parliamentarians/217241
217241,"McGRATH, the Hon. James",Senator,Liberal Party of Australia,Qld,,Self-employed contractor from 2012 to 2014.,Private enterprise (explicit role),https://handbook.aph.gov.au/parliamentarians/217241
217241,"McGRATH, the Hon. James",Senator,Liberal Party of Australia,Qld,,Campaign Director for the Liberal National Party (Qld) from 2010 to 2012.,Employer sector not determined,https://handbook.aph.gov.au/parliamentarians/217241
217241,"McGRATH, the Hon. James",Senator,Liberal Party of Australia,Qld,,Deputy Director of the Liberal Party of Australia from 2009 to 2010.,Employer sector not determined,https://handbook.aph.gov.au/parliamentarians/217241
217241,"McGRATH, the Hon. James",Senator,Liberal Party of Australia,Qld,,"National Presidential Campaign Director for the Maldivian Democratic Party, 2008.",Employer sector not determined,https://handbook.aph.gov.au/parliamentarians/217241
217241,"McGRATH, the Hon. James",Senator,Liberal Party of Australia,Qld,,"Various roles with the Conservative Party (UK) including Deputy Campaign Director for the Boris Johnson Mayoral Campaign, Special Adviser to Shadow Chancellor, Chief of Staff to the Party Chairman, Campaign Co-ordinator 2002-08",Employer sector not determined,https://handbook.aph.gov.au/parliamentarians/217241
217241,"McGRATH, the Hon. James",Senator,Liberal Party of Australia,Qld,,Ministerial Adviser (SA) from 2001 to 2002.,Political employment,https://handbook.aph.gov.au/parliamentarians/217241
217241,"McGRATH, the Hon. James",Senator,Liberal Party of Australia,Qld,,Investigating Officer at the Parliamentary Ombudsman (Qld) from 1999 to 2001.,Employer sector not determined,https://handbook.aph.gov.au/parliamentarians/217241
217241,"McGRATH, the Hon. James",Senator,Liberal Party of Australia,Qld,,Solicitor and Articled Clerk at Bennett Carroll and Gibbons (Qld) from 1996 to 1999.,Employer sector not determined,https://handbook.aph.gov.au/parliamentarians/217241
281513,"McINTOSH, Melissa Iris",Member,Liberal Party of Australia,NSW,Lindsay,Executive Manager (Communications) for Wentworth Community Housing from 2016 to 2018.,Employer sector not determined,https://handbook.aph.gov.au/parliamentarians/281513
281513,"McINTOSH, Melissa Iris",Member,Liberal Party of Australia,NSW,Lindsay,"Chief of Staff to the Assistant Minister to the Treasurer, the Hon. A Hawke from 2015 to 2016.",Political employment,https://handbook.aph.gov.au/parliamentarians/281513
281513,"McINTOSH, Melissa Iris",Member,Liberal Party of Australia,NSW,Lindsay,"Director of the 21st Century Global Women's Initiative (W21), Head of Partnerships and Director of Events at the United States Study Centre, University of Sydney from 2011 to 2015.",Employer sector not determined,https://handbook.aph.gov.au/parliamentarians/281513
207825,"McKENZIE, the Hon. Bridget",Senator,The Nationals,Vic,,"Lecturer in the Faculty of Education, Gippsland Campus, Monash University from 2009 to 2010.",Employer sector not determined,https://handbook.aph.gov.au/parliamentarians/207825
207825,"McKENZIE, the Hon. Bridget",Senator,The Nationals,Vic,,Secondary mathematics and physical education teacher from 2005 to 2009.,Employer sector not determined,https://handbook.aph.gov.au/parliamentarians/207825
124514,"McKENZIE, Zoe Anne",Member,Liberal Party of Australia,Vic,Flinders,Company director from 2016 to 2021,Employer sector not determined,https://handbook.aph.gov.au/parliamentarians/124514
JKM,"McKIM, Nicholas (Nick) James",Senator,Australian Greens,Tas,,Advertising and Public Administration from 1999 to 2002.,Employer sector not determined,https://handbook.aph.gov.au/parliamentarians/JKM
JKM,"McKIM, Nicholas (Nick) James",Senator,Australian Greens,Tas,,Wilderness Guide from 1995 to 1999,Employer sector not determined,https://handbook.aph.gov.au/parliamentarians/JKM
JKM,"McKIM, Nicholas (Nick) James",Senator,Australian Greens,Tas,,"Organic market gardener, shepherd, remote area mineral exploration, fruit picker to 1999",Employer sector not determined,https://handbook.aph.gov.au/parliamentarians/JKM
287062,"McLACHLAN, Andrew Lockhart CSC",Senator,Liberal Party of Australia,SA,,"Director of the International Centre for Financial Services, University of Adelaide, from 2012 to 2014.",Employer sector not determined,https://handbook.aph.gov.au/parliamentarians/287062
287062,"McLACHLAN, Andrew Lockhart CSC",Senator,Liberal Party of Australia,SA,,Non-Executive Director in Financial Services from 2011 to 2014.,Employer sector not determined,https://handbook.aph.gov.au/parliamentarians/287062
287062,"McLACHLAN, Andrew Lockhart CSC",Senator,Liberal Party of Australia,SA,,Senior Executive in Financial Services from 1996 to 2011.,Employer sector not determined,https://handbook.aph.gov.au/parliamentarians/287062
287062,"McLACHLAN, Andrew Lockhart CSC",Senator,Liberal Party of Australia,SA,,Senior Associate in Legal Practice from 1993 to 1996.,Employer sector not determined,https://handbook.aph.gov.au/parliamentarians/287062
287062,"McLACHLAN, Andrew Lockhart CSC",Senator,Liberal Party of Australia,SA,,Solicitor in Legal Practice from 1989 to 1991.,Employer sector not determined,https://handbook.aph.gov.au/parliamentarians/287062
296272,"MILLER-FROST, Louise Jane",Member,Australian Labor Party,SA,Boothby,Chief Executive Officer of the St Vincent de Paul Society (SA) Inc. from March 2020 to September 2021.,Employer sector not determined,https://handbook.aph.gov.au/parliamentarians/296272
296272,"MILLER-FROST, Louise Jane",Member,Australian Labor Party,SA,Boothby,Chief Executive Officer of Catherine House Inc. from April 2017 to March 2020.,Employer sector not determined,https://handbook.aph.gov.au/parliamentarians/296272
296272,"MILLER-FROST, Louise Jane",Member,Australian Labor Party,SA,Boothby,General Manager at the City of Burnside from February 2012 to March 2017.,Employer sector not determined,https://handbook.aph.gov.au/parliamentarians/296272
296272,"MILLER-FROST, Louise Jane",Member,Australian Labor Party,SA,Boothby,Director at the City of Port Adelaide Enfield Council from January 2010 to February 2012.,Employer sector not determined,https://handbook.aph.gov.au/parliamentarians/296272
296272,"MILLER-FROST, Louise Jane",Member,Australian Labor Party,SA,Boothby,General Manager of the Central Northern Adelaide Health Service at SA Health from December 2006 to January 2010.,Employer sector not determined,https://handbook.aph.gov.au/parliamentarians/296272
296272,"MILLER-FROST, Louise Jane",Member,Australian Labor Party,SA,Boothby,Senior Project Officer for Primary Mental Health and the Central Northern Adelaide Health Service of SA Health from December 2005 to December 2006.,Employer sector not determined,https://handbook.aph.gov.au/parliamentarians/296272
296272,"MILLER-FROST, Louise Jane",Member,Australian Labor Party,SA,Boothby,Statewide Mental Health Development and Liaison Officer for SA Divisions of General Practice,Employer sector not determined,https://handbook.aph.gov.au/parliamentarians/296272
M3E,"MITCHELL, Robert (Rob) George",Member,Australian Labor Party,Vic,McEwen,Senior Government Adviser (Vic.) from 2006 to 2010.,Employer sector not determined,https://handbook.aph.gov.au/parliamentarians/M3E
M3E,"MITCHELL, Robert (Rob) George",Member,Australian Labor Party,Vic,McEwen,State Manager for diesel engine parts from 2000 to 2002.,Employer sector not determined,https://handbook.aph.gov.au/parliamentarians/M3E
M3E,"MITCHELL, Robert (Rob) George",Member,Australian Labor Party,Vic,McEwen,Sales manager of truck and bus parts from 1998 to 2000.,Employer sector not determined,https://handbook.aph.gov.au/parliamentarians/M3E
M3E,"MITCHELL, Robert (Rob) George",Member,Australian Labor Party,Vic,McEwen,Sales and marketing representative from 1989 to 2000.,Employer sector not determined,https://handbook.aph.gov.au/parliamentarians/M3E
M3E,"MITCHELL, Robert (Rob) George",Member,Australian Labor Party,Vic,McEwen,Apprentice bootmaker and finisher from 1983 to 1987.,Employer sector not determined,https://handbook.aph.gov.au/parliamentarians/M3E
316540,"MONCRIEFF, David",Member,Australian Labor Party,NSW,Hughes,Not recorded,Unknown,https://handbook.aph.gov.au/parliamentarians/316540
277110,"MULHOLLAND, Corinne",Senator,Australian Labor Party,Qld,,Not recorded,Unknown,https://handbook.aph.gov.au/parliamentarians/277110
132880,"MULINO, the Hon. Dr Daniel",Member,Australian Labor Party,Vic,Fraser,Economist at the Independent Pricing and Regulatory Tribunal from 1998 to 1999.,Employer sector not determined,https://handbook.aph.gov.au/parliamentarians/132880
132880,"MULINO, the Hon. Dr Daniel",Member,Australian Labor Party,Vic,Fraser,Policy Adviser at the Department of Finance from 1997 to 1998.,Employer sector not determined,https://handbook.aph.gov.au/parliamentarians/132880
132880,"MULINO, the Hon. Dr Daniel",Member,Australian Labor Party,Vic,Fraser,Lawyer at the Attorney-General's Department from 1995 to 1996.,Employer sector not determined,https://handbook.aph.gov.au/parliamentarians/132880
263528,"NAMPIJINPA PRICE, Jacinta",Senator,Liberal Party of Australia,NT,,Not recorded,Unknown,https://handbook.aph.gov.au/parliamentarians/263528
HVO,"NEUMANN, the Hon. Shayne Kenneth",Member,Australian Labor Party,Qld,Blair,Lawyer from 1985 to 2007.,Employer sector not determined,https://handbook.aph.gov.au/parliamentarians/HVO
316052,"NG, Gabriel",Member,Australian Labor Party,Vic,Menzies,Not recorded,Unknown,https://handbook.aph.gov.au/parliamentarians/316052
138932,"O'BRIEN, Edward (Ted) Lynam",Member,Liberal Party of Australia,Qld,Fairfax,"Country Manager, Taiwan, Defiance International (Asia Pacific)",Employer sector not determined,https://handbook.aph.gov.au/parliamentarians/138932
138932,"O'BRIEN, Edward (Ted) Lynam",Member,Liberal Party of Australia,Qld,Fairfax,"Ops and Business Development Manager, Asia Pacific, Defiance International (Asia Pacific)",Employer sector not determined,https://handbook.aph.gov.au/parliamentarians/138932
138932,"O'BRIEN, Edward (Ted) Lynam",Member,Liberal Party of Australia,Qld,Fairfax,"Business Development Manager, Asia, Australian Ricegrowers' Cooperative (Asia-Pacific)",Employer sector not determined,https://handbook.aph.gov.au/parliamentarians/138932
138932,"O'BRIEN, Edward (Ted) Lynam",Member,Liberal Party of Australia,Qld,Fairfax,"Market Maker Lead, Greater China, Accenture (Global)",Employer sector not determined,https://handbook.aph.gov.au/parliamentarians/138932
138932,"O'BRIEN, Edward (Ted) Lynam",Member,Liberal Party of Australia,Qld,Fairfax,"Director of Growth & Strategy, Asia Pacific and Emerging Markets, Accenture (Global)",Employer sector not determined,https://handbook.aph.gov.au/parliamentarians/138932
138932,"O'BRIEN, Edward (Ted) Lynam",Member,Liberal Party of Australia,Qld,Fairfax,"Managing Director (Qld), Barton Deakin (Australia)",Employer sector not determined,https://handbook.aph.gov.au/parliamentarians/138932
138932,"O'BRIEN, Edward (Ted) Lynam",Member,Liberal Party of Australia,Qld,Fairfax,"Managing Director, Ted O'Brien & Associates",Employer sector not determined,https://handbook.aph.gov.au/parliamentarians/138932
265991,"O'BRIEN, Llewellyn (Llew) Stephen",Member,The Nationals,Qld,Wide Bay,Police Officer (Qld) from 1999 to 2016.,Public service / defence (explicit role),https://handbook.aph.gov.au/parliamentarians/265991
265991,"O'BRIEN, Llewellyn (Llew) Stephen",Member,The Nationals,Qld,Wide Bay,Factory process operator from 1996 to 1999.,Employer sector not determined,https://handbook.aph.gov.au/parliamentarians/265991
265991,"O'BRIEN, Llewellyn (Llew) Stephen",Member,The Nationals,Qld,Wide Bay,Labourer from 1990 to 1996.,Employer sector not determined,https://handbook.aph.gov.au/parliamentarians/265991
265991,"O'BRIEN, Llewellyn (Llew) Stephen",Member,The Nationals,Qld,Wide Bay,Carer from 1988 to 1989.,Employer sector not determined,https://handbook.aph.gov.au/parliamentarians/265991
140590,"O'NEIL, the Hon. Clare Ellen",Member,Australian Labor Party,Vic,Hotham,"Business Adviser at the Marngarr Aboriginal Resource Centre, 2011.",Employer sector not determined,https://handbook.aph.gov.au/parliamentarians/140590
140590,"O'NEIL, the Hon. Clare Ellen",Member,Australian Labor Party,Vic,Hotham,Engagement Manager at McKinsey and Company from 2009 to 2013.,Employer sector not determined,https://handbook.aph.gov.au/parliamentarians/140590
140590,"O'NEIL, the Hon. Clare Ellen",Member,Australian Labor Party,Vic,Hotham,"Policy Adviser to the Treasurer, 2008.",Employer sector not determined,https://handbook.aph.gov.au/parliamentarians/140590
140590,"O'NEIL, the Hon. Clare Ellen",Member,Australian Labor Party,Vic,Hotham,"Intern for the Global Corporate Client Group at the New York Stock Exchange, 2007.",Employer sector not determined,https://handbook.aph.gov.au/parliamentarians/140590
140651,"O'NEILL, Deborah (Deb) Mary",Senator,Australian Labor Party,NSW,,High school teacher,Employer sector not determined,https://handbook.aph.gov.au/parliamentarians/140651
140651,"O'NEILL, Deborah (Deb) Mary",Senator,Australian Labor Party,NSW,,"Lecturer in the School of Education at the Central Coast Campus, University of Newcastle.",Employer sector not determined,https://handbook.aph.gov.au/parliamentarians/140651
283585,"O'SULLIVAN, Matt",Senator,Liberal Party of Australia,WA,,O'Sullivan Consulting from 2018 to 2019.,Employer sector not determined,https://handbook.aph.gov.au/parliamentarians/283585
283585,"O'SULLIVAN, Matt",Senator,Liberal Party of Australia,WA,,"Chief Operating Officer - Generation One, Minderoo Foundation from 2008 to 2018.",Employer sector not determined,https://handbook.aph.gov.au/parliamentarians/283585
283585,"O'SULLIVAN, Matt",Senator,Liberal Party of Australia,WA,,Youth Leader at Garden City Christian Church from 2003 to 2007.,Employer sector not determined,https://handbook.aph.gov.au/parliamentarians/283585
283585,"O'SULLIVAN, Matt",Senator,Liberal Party of Australia,WA,,Youth Leader at Perth Christian Life Centre from 2000 to 2003.,Employer sector not determined,https://handbook.aph.gov.au/parliamentarians/283585
283585,"O'SULLIVAN, Matt",Senator,Liberal Party of Australia,WA,,Electronic Technician at Terravision PTY LTD from 1996 to 1999.,Employer sector not determined,https://handbook.aph.gov.au/parliamentarians/283585
240756,"PASIN, Antony (Tony)",Member,Liberal Party of Australia,SA,Barker,Barrister and solicitor from 2000 to 2013.,Employer sector not determined,https://handbook.aph.gov.au/parliamentarians/240756
144138,"PATERSON, James William",Senator,Liberal Party of Australia,Vic,,Employed at the Institute of Public Affairs from 2011 to 2016.,Employer sector not determined,https://handbook.aph.gov.au/parliamentarians/144138
144138,"PATERSON, James William",Senator,Liberal Party of Australia,Vic,,Employed in the Employer's Chamber of Commerce and Industry (Vic.) from 2010 to 2011.,Employer sector not determined,https://handbook.aph.gov.au/parliamentarians/144138
144138,"PATERSON, James William",Senator,Liberal Party of Australia,Vic,,Employed in the office of Senator M Fifield from 2006 to 2010.,Employer sector not determined,https://handbook.aph.gov.au/parliamentarians/144138
300707,"PAYMAN, Fatima",Senator,Australia's Voice,WA,,Organiser for the United Workers Union from 11.1.2021 to 3.6.2022,Union / worker organisation,https://handbook.aph.gov.au/parliamentarians/300707
300707,"PAYMAN, Fatima",Senator,Australia's Voice,WA,,Electorate Officer from 30.5.2019 to 23.12.2020.,Political employment,https://handbook.aph.gov.au/parliamentarians/300707
300707,"PAYMAN, Fatima",Senator,Australia's Voice,WA,,Pharmacy Assistant and TerryWhite Chemist from 18.2.2018 to 17.2.2020.,Employer sector not determined,https://handbook.aph.gov.au/parliamentarians/300707
144732,"PAYNE, Alicia Emma",Member,Australian Labor Party,ACT,Canberra,"Chief of Staff to Hon. J Macklin MP, Shadow Minister for Social Services from 2016 to 2018.",Political employment,https://handbook.aph.gov.au/parliamentarians/144732
144732,"PAYNE, Alicia Emma",Member,Australian Labor Party,ACT,Canberra,"Senior Adviser on Social Policy to Hon. W Shorten MP, Leader of the Opposition from 2015 to 2016.",Employer sector not determined,https://handbook.aph.gov.au/parliamentarians/144732
144732,"PAYNE, Alicia Emma",Member,Australian Labor Party,ACT,Canberra,Policy Analyst at the Commonwealth Treasury from 2010 to 2015.,Employer sector not determined,https://handbook.aph.gov.au/parliamentarians/144732
144732,"PAYNE, Alicia Emma",Member,Australian Labor Party,ACT,Canberra,"Research Adviser to the Hon. L Tanner MP, Minister for Finance from 2009 to 2010.",Political employment,https://handbook.aph.gov.au/parliamentarians/144732
144732,"PAYNE, Alicia Emma",Member,Australian Labor Party,ACT,Canberra,Research Fellow at the National Centre for Social and Economic Modelling from 2005 to 2009.,Employer sector not determined,https://handbook.aph.gov.au/parliamentarians/144732
248895,"PENFOLD, Alison Louise",Member,The Nationals,NSW,Lyne,Chief Executive Officer of the Australian Livestock Exporters' Council from February 2012 to July 2016.,Employer sector not determined,https://handbook.aph.gov.au/parliamentarians/248895
248895,"PENFOLD, Alison Louise",Member,The Nationals,NSW,Lyne,Senior Adviser to the Shadow Minister for Trade and Tourism,Political employment,https://handbook.aph.gov.au/parliamentarians/248895
147140,"PHILLIPS, Fiona Evon",Member,Australian Labor Party,NSW,Gilmore,"Electorate Officer for S Jones, MP from 2016 to 2017.",Political employment,https://handbook.aph.gov.au/parliamentarians/147140
147140,"PHILLIPS, Fiona Evon",Member,Australian Labor Party,NSW,Gilmore,"Business Operations Manager in the Navy Aviation Systems Program Office at HMAS Albatross, Nowra (NSW) from 2007 to 2009.",Employer sector not determined,https://handbook.aph.gov.au/parliamentarians/147140
147140,"PHILLIPS, Fiona Evon",Member,Australian Labor Party,NSW,Gilmore,"Commerce Tutor at the University of Wollongong (Shoalhaven Campus), Nowra (NSW) from 2002 to 2015.",Employer sector not determined,https://handbook.aph.gov.au/parliamentarians/147140
147140,"PHILLIPS, Fiona Evon",Member,Australian Labor Party,NSW,Gilmore,"TAFE Teacher, Nowra (NSW) from 2002 to 2017.",Employer sector not determined,https://handbook.aph.gov.au/parliamentarians/147140
147140,"PHILLIPS, Fiona Evon",Member,Australian Labor Party,NSW,Gilmore,"Work Placement Coordinator for the Shoalhaven Schools Workplace Learning Program, Nowra (NSW) from 1997 to 2002.",Employer sector not determined,https://handbook.aph.gov.au/parliamentarians/147140
147140,"PHILLIPS, Fiona Evon",Member,Australian Labor Party,NSW,Gilmore,"Human Resources Officer for Shoalhaven City Council, Nowra (NSW) from 1996 to 1997.",Employer sector not determined,https://handbook.aph.gov.au/parliamentarians/147140
147140,"PHILLIPS, Fiona Evon",Member,Australian Labor Party,NSW,Gilmore,Senior Industrial Relations Officer for Retail Banking at Westpac Banking Corporation from 1991 to 1995.,Employer sector not determined,https://handbook.aph.gov.au/parliamentarians/147140
300120,"PIKE, Henry Jon",Member,Liberal Party of Australia,Qld,Bowman,"National Director of Communications for the Property Council of Australia, 2021.",Employer sector not determined,https://handbook.aph.gov.au/parliamentarians/300120
300120,"PIKE, Henry Jon",Member,Liberal Party of Australia,Qld,Bowman,Policy Adviser for the Property Council of Australia from 2015 to 2021.,Employer sector not determined,https://handbook.aph.gov.au/parliamentarians/300120
300120,"PIKE, Henry Jon",Member,Liberal Party of Australia,Qld,Bowman,"Communications and Policy Adviser for the Queensland Farmers' Federation, 2014.",Employer sector not determined,https://handbook.aph.gov.au/parliamentarians/300120
83M,"PLIBERSEK, the Hon. Tanya Joan",Member,Australian Labor Party,NSW,Sydney,"Member of the Domestic Violence Unit, Ministry for the Status of Women (NSW).",Employer sector not determined,https://handbook.aph.gov.au/parliamentarians/83M
83M,"PLIBERSEK, the Hon. Tanya Joan",Member,Australian Labor Party,NSW,Sydney,Electorate officer,Political employment,https://handbook.aph.gov.au/parliamentarians/83M
BFQ,"POCOCK, Dr Barbara Ann AM",Senator,Australian Greens,SA,,University Teacher and Research Leader from 1989 to 2014.,Employer sector not determined,https://handbook.aph.gov.au/parliamentarians/BFQ
BFQ,"POCOCK, Dr Barbara Ann AM",Senator,Australian Greens,SA,,Research and Project Officer from 1983 to 1989.,Employer sector not determined,https://handbook.aph.gov.au/parliamentarians/BFQ
BFQ,"POCOCK, Dr Barbara Ann AM",Senator,Australian Greens,SA,,Equal Employment Opportunity Officer at Hunter Vale from 1981 to 1983.,Employer sector not determined,https://handbook.aph.gov.au/parliamentarians/BFQ
BFQ,"POCOCK, Dr Barbara Ann AM",Senator,Australian Greens,SA,,Economist with the Reserve Bank of Australia from 1979 to 1981.,Employer sector not determined,https://handbook.aph.gov.au/parliamentarians/BFQ
BFQ,"POCOCK, Dr Barbara Ann AM",Senator,Australian Greens,SA,,Farm Worker and Shearing Shed Rouseabout from 1973 to 1974.,Employer sector not determined,https://handbook.aph.gov.au/parliamentarians/BFQ
256136,"POCOCK, David Willmer",Senator,Independent,ACT,,Project Director from July 2020 to December 2021.,Employer sector not determined,https://handbook.aph.gov.au/parliamentarians/256136
256136,"POCOCK, David Willmer",Senator,Independent,ACT,,Professional athlete from December 2005 to March 2020.,Employer sector not determined,https://handbook.aph.gov.au/parliamentarians/256136
E5X,"POLLEY, Helen Beatrice",Senator,Australian Labor Party,Tas,,"Adviser to the Premier, the Hon. P Lennon, MHA (Tas.), 2004.",Employer sector not determined,https://handbook.aph.gov.au/parliamentarians/E5X
E5X,"POLLEY, Helen Beatrice",Senator,Australian Labor Party,Tas,,"Adviser to the Premier, the Hon. J Bacon, MHA (Tas.) from 1998 to 2004.",Employer sector not determined,https://handbook.aph.gov.au/parliamentarians/E5X
249308,"PRICE, the Hon. Melissa Lee",Member,Liberal Party of Australia,WA,Durack,Vice-President of Legal and Business Development for Crosslands Resources Ltd. from 2008 to 2012.,Employer sector not determined,https://handbook.aph.gov.au/parliamentarians/249308
249308,"PRICE, the Hon. Melissa Lee",Member,Liberal Party of Australia,WA,Durack,General Counsel and Business Development Manager at CBH Group from 2002 to 2008.,Employer sector not determined,https://handbook.aph.gov.au/parliamentarians/249308
249308,"PRICE, the Hon. Melissa Lee",Member,Liberal Party of Australia,WA,Durack,Solicitor in private practice from 1997 to 2002.,Employer sector not determined,https://handbook.aph.gov.au/parliamentarians/249308
249308,"PRICE, the Hon. Melissa Lee",Member,Liberal Party of Australia,WA,Durack,Non-Executive Director of the Cancer Council (WA) to 2016.,Employer sector not determined,https://handbook.aph.gov.au/parliamentarians/249308
249308,"PRICE, the Hon. Melissa Lee",Member,Liberal Party of Australia,WA,Durack,Non-Executive Director of the BrightSpark Foundation to 2016.,Employer sector not determined,https://handbook.aph.gov.au/parliamentarians/249308
300122,"RAE, the Hon. Samuel (Sam) Thomas",Member,Australian Labor Party,Vic,Hawke,Partner at PwC from 2019 to 2021.,Employer sector not determined,https://handbook.aph.gov.au/parliamentarians/300122
300122,"RAE, the Hon. Samuel (Sam) Thomas",Member,Australian Labor Party,Vic,Hawke,State Secretary and Campaign Director for Victorian Labor from 2016 to 2019.,Employer sector not determined,https://handbook.aph.gov.au/parliamentarians/300122
300122,"RAE, the Hon. Samuel (Sam) Thomas",Member,Australian Labor Party,Vic,Hawke,Director of Research and Tactics for Victorian Labor from 2015 to 2016.,Employer sector not determined,https://handbook.aph.gov.au/parliamentarians/300122
300122,"RAE, the Hon. Samuel (Sam) Thomas",Member,Australian Labor Party,Vic,Hawke,Advisor and Electorate Officer for the Hon Senator Stephen Conroy from 2009 to 2015.,Political employment,https://handbook.aph.gov.au/parliamentarians/300122
300122,"RAE, the Hon. Samuel (Sam) Thomas",Member,Australian Labor Party,Vic,Hawke,Policy Advisor for the National Association of Forest Industries from 2007 to 2009.,Employer sector not determined,https://handbook.aph.gov.au/parliamentarians/300122
300122,"RAE, the Hon. Samuel (Sam) Thomas",Member,Australian Labor Party,Vic,Hawke,Call centre phone operator from 2005 to 2007.,Employer sector not determined,https://handbook.aph.gov.au/parliamentarians/300122
300122,"RAE, the Hon. Samuel (Sam) Thomas",Member,Australian Labor Party,Vic,Hawke,"Childcare worker, 2005.",Employer sector not determined,https://handbook.aph.gov.au/parliamentarians/300122
300122,"RAE, the Hon. Samuel (Sam) Thomas",Member,Australian Labor Party,Vic,Hawke,Factory labourer from 2004 to 2005.,Employer sector not determined,https://handbook.aph.gov.au/parliamentarians/300122
300122,"RAE, the Hon. Samuel (Sam) Thomas",Member,Australian Labor Party,Vic,Hawke,Hospitality worker from 2002 to 2004.,Employer sector not determined,https://handbook.aph.gov.au/parliamentarians/300122
316547,"REBELLO, Leon",Member,Liberal Party of Australia,Qld,McPherson,Solicitor,Employer sector not determined,https://handbook.aph.gov.au/parliamentarians/316547
300126,"REID, Gordon James",Member,Australian Labor Party,NSW,Robertson,Not recorded,Unknown,https://handbook.aph.gov.au/parliamentarians/300126
298840,"REPACHOLI, Dan",Member,Australian Labor Party,NSW,Hunter,Manager from December 2017 to December 2021.,Employer sector not determined,https://handbook.aph.gov.au/parliamentarians/298840
298840,"REPACHOLI, Dan",Member,Australian Labor Party,NSW,Hunter,Coal miner from 2009 to December 2017.,Employer sector not determined,https://handbook.aph.gov.au/parliamentarians/298840
298840,"REPACHOLI, Dan",Member,Australian Labor Party,NSW,Hunter,Fitter from 1997 to 2009.,Employer sector not determined,https://handbook.aph.gov.au/parliamentarians/298840
HWA,"RISHWORTH, the Hon. Amanda Louise",Member,Australian Labor Party,SA,Kingston,Occupational health and safety trainer from 2006 to 2007.,Employer sector not determined,https://handbook.aph.gov.au/parliamentarians/HWA
HWA,"RISHWORTH, the Hon. Amanda Louise",Member,Australian Labor Party,SA,Kingston,Psychologist from 2005 to 2007.,Employer sector not determined,https://handbook.aph.gov.au/parliamentarians/HWA
HWA,"RISHWORTH, the Hon. Amanda Louise",Member,Australian Labor Party,SA,Kingston,Union representative from 2000 to 2005.,Union / worker organisation,https://handbook.aph.gov.au/parliamentarians/HWA
HWA,"RISHWORTH, the Hon. Amanda Louise",Member,Australian Labor Party,SA,Kingston,Research assistant from 1998 to 1999.,Employer sector not determined,https://handbook.aph.gov.au/parliamentarians/HWA
HWA,"RISHWORTH, the Hon. Amanda Louise",Member,Australian Labor Party,SA,Kingston,Swimming instructor from 1995 to 1999.,Employer sector not determined,https://handbook.aph.gov.au/parliamentarians/HWA
HWA,"RISHWORTH, the Hon. Amanda Louise",Member,Australian Labor Party,SA,Kingston,Retail assistant from 1994 to 1999.,Employer sector not determined,https://handbook.aph.gov.au/parliamentarians/HWA
266524,"ROBERTS, Malcolm Ieuan",Senator,One Nation,Qld,,Investigating climate claims from 2008,Employer sector not determined,https://handbook.aph.gov.au/parliamentarians/266524
266524,"ROBERTS, Malcolm Ieuan",Senator,One Nation,Qld,,General manager from 1990 to 1993.,Employer sector not determined,https://handbook.aph.gov.au/parliamentarians/266524
266524,"ROBERTS, Malcolm Ieuan",Senator,One Nation,Qld,,Mine manager from 1983 to 1988.,Employer sector not determined,https://handbook.aph.gov.au/parliamentarians/266524
266524,"ROBERTS, Malcolm Ieuan",Senator,One Nation,Qld,,Mining engineer from 1979 to 1983.,Employer sector not determined,https://handbook.aph.gov.au/parliamentarians/266524
266524,"ROBERTS, Malcolm Ieuan",Senator,One Nation,Qld,,Coal face miner underground from 1977 to 1979.,Employer sector not determined,https://handbook.aph.gov.au/parliamentarians/266524
266524,"ROBERTS, Malcolm Ieuan",Senator,One Nation,Qld,,"Vineyard labourer, 1973.",Employer sector not determined,https://handbook.aph.gov.au/parliamentarians/266524
157125,"ROBERTS, Tracey",Member,Australian Labor Party,WA,Pearce,Not recorded,Unknown,https://handbook.aph.gov.au/parliamentarians/157125
159771,"ROWLAND, the Hon. Michelle Anne",Member,Australian Labor Party,NSW,Greenway,Chair of Screen NSW from 2009 to 2010.,Employer sector not determined,https://handbook.aph.gov.au/parliamentarians/159771
159771,"ROWLAND, the Hon. Michelle Anne",Member,Australian Labor Party,NSW,Greenway,"Director of Our Lady of Mercy, Parramatta (NSW) from 2008 to 2010.",Employer sector not determined,https://handbook.aph.gov.au/parliamentarians/159771
159771,"ROWLAND, the Hon. Michelle Anne",Member,Australian Labor Party,NSW,Greenway,Non-Executive Director of the Western Sydney Parklands Trust from 2007 to 2010.,Employer sector not determined,https://handbook.aph.gov.au/parliamentarians/159771
159771,"ROWLAND, the Hon. Michelle Anne",Member,Australian Labor Party,NSW,Greenway,Senior lawyer at Gilbert and Tobin from 2000 to 2010.,Employer sector not determined,https://handbook.aph.gov.au/parliamentarians/159771
159771,"ROWLAND, the Hon. Michelle Anne",Member,Australian Labor Party,NSW,Greenway,Director of the Western Sydney Area Health Service from 2000 to 2004.,Employer sector not determined,https://handbook.aph.gov.au/parliamentarians/159771
159771,"ROWLAND, the Hon. Michelle Anne",Member,Australian Labor Party,NSW,Greenway,Regulatory affairs adviser for NRMA Ltd. from 1999 to 2000.,Employer sector not determined,https://handbook.aph.gov.au/parliamentarians/159771
159771,"ROWLAND, the Hon. Michelle Anne",Member,Australian Labor Party,NSW,Greenway,Electorate officer from 1995 to 1999.,Political employment,https://handbook.aph.gov.au/parliamentarians/159771
159771,"ROWLAND, the Hon. Michelle Anne",Member,Australian Labor Party,NSW,Greenway,Checkout operator from 1987 to 1995.,Employer sector not determined,https://handbook.aph.gov.au/parliamentarians/159771
243273,"RUSTON, the Hon. Anne Sowerby",Senator,Liberal Party of Australia,SA,,Owner/operator of Ruston's Roses from 2003 to 2012.,Employer sector not determined,https://handbook.aph.gov.au/parliamentarians/243273
243273,"RUSTON, the Hon. Anne Sowerby",Senator,Liberal Party of Australia,SA,,Chief Executive of the National Wine Centre from 1996 to 2002.,Employer sector not determined,https://handbook.aph.gov.au/parliamentarians/243273
243273,"RUSTON, the Hon. Anne Sowerby",Senator,Liberal Party of Australia,SA,,"Senior Policy Adviser to the Minister for Industrial Affairs, Tourism, Recreation, Sport and Racing (SA) from 1993 to 1996.",Political employment,https://handbook.aph.gov.au/parliamentarians/243273
243273,"RUSTON, the Hon. Anne Sowerby",Senator,Liberal Party of Australia,SA,,Electorate officer from 1987 to 1993.,Political employment,https://handbook.aph.gov.au/parliamentarians/243273
249224,"RYAN, Joanne Catherine",Member,Australian Labor Party,Vic,Lalor,Teacher at Laverton Secondary College (Vic.).,Employer sector not determined,https://handbook.aph.gov.au/parliamentarians/249224
249224,"RYAN, Joanne Catherine",Member,Australian Labor Party,Vic,Lalor,"Assistant Principal at Galvin Park School, Werribee (Vic.).",Employer sector not determined,https://handbook.aph.gov.au/parliamentarians/249224
249224,"RYAN, Joanne Catherine",Member,Australian Labor Party,Vic,Lalor,"Acting Principal at Galvin Park School, Werribee (Vic.).",Employer sector not determined,https://handbook.aph.gov.au/parliamentarians/249224
249224,"RYAN, Joanne Catherine",Member,Australian Labor Party,Vic,Lalor,Principal at Moonee Ponds Central School (Vic.).,Employer sector not determined,https://handbook.aph.gov.au/parliamentarians/249224
297660,"RYAN, Monique Marie",Member,Independent,Vic,Kooyong,Paediatric neurologist from 2003 to 2022.,Employer sector not determined,https://handbook.aph.gov.au/parliamentarians/297660
299623,"SCAMPS, Sophie",Member,Independent,NSW,Mackellar,Health Promotion in the Southwest Sydney Local Health District from 2011.,Employer sector not determined,https://handbook.aph.gov.au/parliamentarians/299623
299623,"SCAMPS, Sophie",Member,Independent,NSW,Mackellar,General Practitioner from 2010 to 2021.,Employer sector not determined,https://handbook.aph.gov.au/parliamentarians/299623
299623,"SCAMPS, Sophie",Member,Independent,NSW,Mackellar,Hospital and Emergency Medicine Doctor from 1995 to 2000.,Employer sector not determined,https://handbook.aph.gov.au/parliamentarians/299623
299623,"SCAMPS, Sophie",Member,Independent,NSW,Mackellar,Professional Athlete (Middle Distance Runner),Employer sector not determined,https://handbook.aph.gov.au/parliamentarians/299623
282997,"SCARR, Paul Martin",Senator,Liberal Party of Australia,Qld,,General Counsel of PanAust Limited from 2007 to 2019.,Employer sector not determined,https://handbook.aph.gov.au/parliamentarians/282997
282997,"SCARR, Paul Martin",Senator,Liberal Party of Australia,Qld,,Company Secretary of PanAust Limited from 2007 to 2015.,Employer sector not determined,https://handbook.aph.gov.au/parliamentarians/282997
282997,"SCARR, Paul Martin",Senator,Liberal Party of Australia,Qld,,Senior Associate at King & Wood Mallesons (Brisbane) from 2005 to 2007.,Employer sector not determined,https://handbook.aph.gov.au/parliamentarians/282997
282997,"SCARR, Paul Martin",Senator,Liberal Party of Australia,Qld,,Senior Associate at Allens (Brisbane) from 2002 to 2005.,Employer sector not determined,https://handbook.aph.gov.au/parliamentarians/282997
282997,"SCARR, Paul Martin",Senator,Liberal Party of Australia,Qld,,Senior Associate at Allens (Papua New Guinea) from 1999 to 2001.,Employer sector not determined,https://handbook.aph.gov.au/parliamentarians/282997
282997,"SCARR, Paul Martin",Senator,Liberal Party of Australia,Qld,,"Solicitor of the National Court of Papua New Guinea, 1999.",Employer sector not determined,https://handbook.aph.gov.au/parliamentarians/282997
282997,"SCARR, Paul Martin",Senator,Liberal Party of Australia,Qld,,"Solicitor of the Supreme Court of Queensland, 1994.",Employer sector not determined,https://handbook.aph.gov.au/parliamentarians/282997
282997,"SCARR, Paul Martin",Senator,Liberal Party of Australia,Qld,,Solicitor and Senior Associate at Allens (Brisbane) from 1994 to 1999.,Employer sector not determined,https://handbook.aph.gov.au/parliamentarians/282997
282997,"SCARR, Paul Martin",Senator,Liberal Party of Australia,Qld,,Articled Clerk at Allens (Brisbane) from 1992 to 1993.,Employer sector not determined,https://handbook.aph.gov.au/parliamentarians/282997
F2S,"SCRYMGOUR, Marion",Member,Australian Labor Party,NT,Lingiari,CEO of the Northern Land Council from 2018 to 2021.,Employer sector not determined,https://handbook.aph.gov.au/parliamentarians/F2S
F2S,"SCRYMGOUR, Marion",Member,Australian Labor Party,NT,Lingiari,CEO of the Tiwi Islands Regional Council from 2015 to 2018.,Employer sector not determined,https://handbook.aph.gov.au/parliamentarians/F2S
F2S,"SCRYMGOUR, Marion",Member,Australian Labor Party,NT,Lingiari,"National Head of the ATSI Program, Australian Research Council from 2013 to 2015.",Employer sector not determined,https://handbook.aph.gov.au/parliamentarians/F2S
265980,"SHARKIE, Rebekha Carina Che",Member,Centre Alliance,SA,Mayo,Principal Policy Adviser at the Department of Social Inclusion (SA) from 2015 to 2016.,Employer sector not determined,https://handbook.aph.gov.au/parliamentarians/265980
265980,"SHARKIE, Rebekha Carina Che",Member,Centre Alliance,SA,Mayo,"Paralegal in Adelaide, Queensland and Darwin.",Employer sector not determined,https://handbook.aph.gov.au/parliamentarians/265980
265980,"SHARKIE, Rebekha Carina Che",Member,Centre Alliance,SA,Mayo,"Legal Researcher for the Shadow Attorney-General and Leader of the Opposition, I Redmond (SA).",Employer sector not determined,https://handbook.aph.gov.au/parliamentarians/265980
265980,"SHARKIE, Rebekha Carina Che",Member,Centre Alliance,SA,Mayo,Part-time Adviser to State and Federal Members of Parliament.,Employer sector not determined,https://handbook.aph.gov.au/parliamentarians/265980
265980,"SHARKIE, Rebekha Carina Che",Member,Centre Alliance,SA,Mayo,National Executive Officer of Youth Connections.,Employer sector not determined,https://handbook.aph.gov.au/parliamentarians/265980
265980,"SHARKIE, Rebekha Carina Che",Member,Centre Alliance,SA,Mayo,"Senior Manager of the Helping Young People Achieve division, SYC Ltd.",Employer sector not determined,https://handbook.aph.gov.au/parliamentarians/265980
274506,"SHARMA, Devanand (Dave) Noel",Senator,Liberal Party of Australia,NSW,,Director & Partner at SWG Capital from 2022 to 2023.,Employer sector not determined,https://handbook.aph.gov.au/parliamentarians/274506
274506,"SHARMA, Devanand (Dave) Noel",Senator,Liberal Party of Australia,NSW,,Director at Kelly + Partners from 2018 to 2019.,Employer sector not determined,https://handbook.aph.gov.au/parliamentarians/274506
274506,"SHARMA, Devanand (Dave) Noel",Senator,Liberal Party of Australia,NSW,,Australian Ambassador to Israel from 2013 to 2017.,Employer sector not determined,https://handbook.aph.gov.au/parliamentarians/274506
274506,"SHARMA, Devanand (Dave) Noel",Senator,Liberal Party of Australia,NSW,,"Assistant Secretary (Africa Branch), Department of Foreign Affairs and Trade from 2012 to 2013.",Employer sector not determined,https://handbook.aph.gov.au/parliamentarians/274506
274506,"SHARMA, Devanand (Dave) Noel",Senator,Liberal Party of Australia,NSW,,"Assistant Secretary (International Division), Department of Prime Minister and Cabinet from 2010 to 2012.",Employer sector not determined,https://handbook.aph.gov.au/parliamentarians/274506
274506,"SHARMA, Devanand (Dave) Noel",Senator,Liberal Party of Australia,NSW,,"Political Counsellor at the Australian Embassy in Washington, USA, from 2006 to 2009.",Employer sector not determined,https://handbook.aph.gov.au/parliamentarians/274506
274506,"SHARMA, Devanand (Dave) Noel",Senator,Liberal Party of Australia,NSW,,"Adviser to the Minister for Foreign Affairs, the Hon. A Downer, from 2004 to 2006.",Political employment,https://handbook.aph.gov.au/parliamentarians/274506
274506,"SHARMA, Devanand (Dave) Noel",Senator,Liberal Party of Australia,NSW,,"Third Secretary at the Australian High Commission in Port Moresby, PNG, from 2001 to 2003.",Employer sector not determined,https://handbook.aph.gov.au/parliamentarians/274506
274506,"SHARMA, Devanand (Dave) Noel",Senator,Liberal Party of Australia,NSW,,"Senior Civilian Adviser with the Peace Monitoring Group in Bougainville, PNG, 2000.",Employer sector not determined,https://handbook.aph.gov.au/parliamentarians/274506
168275,"SHELDON, Anthony (Tony) Vincent",Senator,Australian Labor Party,NSW,,Chair of the Road Transport Section of the International Transport Workers' Federation from 2014 to 2019.,Employer sector not determined,https://handbook.aph.gov.au/parliamentarians/168275
168275,"SHELDON, Anthony (Tony) Vincent",Senator,Australian Labor Party,NSW,,National Secretary of the Transport Workers' Union of Australia from 2006 to 2019.,Union / worker organisation,https://handbook.aph.gov.au/parliamentarians/168275
168275,"SHELDON, Anthony (Tony) Vincent",Senator,Australian Labor Party,NSW,,Secretary of the Transport Workers' Union of Australia (NSW) from 1999 to 2008.,Union / worker organisation,https://handbook.aph.gov.au/parliamentarians/168275
168275,"SHELDON, Anthony (Tony) Vincent",Senator,Australian Labor Party,NSW,,Vice-President of the Australian Council of Trade Unions.,Union / worker organisation,https://handbook.aph.gov.au/parliamentarians/168275
169119,"SHOEBRIDGE, David",Senator,Australian Greens,NSW,,Not recorded,Unknown,https://handbook.aph.gov.au/parliamentarians/169119
298121,"SITOU, Sally",Member,Australian Labor Party,NSW,Reid,PhD Candidate from 2021 to 2022.,Employer sector not determined,https://handbook.aph.gov.au/parliamentarians/298121
298121,"SITOU, Sally",Member,Australian Labor Party,NSW,Reid,International media adviser from 2013 to 2021.,Employer sector not determined,https://handbook.aph.gov.au/parliamentarians/298121
298121,"SITOU, Sally",Member,Australian Labor Party,NSW,Reid,Media and communications adviser from 2012 to 2013.,Employer sector not determined,https://handbook.aph.gov.au/parliamentarians/298121
298121,"SITOU, Sally",Member,Australian Labor Party,NSW,Reid,Media and policy adviser from 2009 to 2012.,Employer sector not determined,https://handbook.aph.gov.au/parliamentarians/298121
291406,"SMALL, Benjamin (Ben) John",Member,Liberal Party of Australia,WA,Forrest,"Marine Manager at Woodside Energy Limited, 2020.",Employer sector not determined,https://handbook.aph.gov.au/parliamentarians/291406
291406,"SMALL, Benjamin (Ben) John",Member,Liberal Party of Australia,WA,Forrest,Marine Operations Manager at Woodside Energy Limited from 2018 to 2020.,Employer sector not determined,https://handbook.aph.gov.au/parliamentarians/291406
291406,"SMALL, Benjamin (Ben) John",Member,Liberal Party of Australia,WA,Forrest,Marine Operations Superintendent at Woodside Energy Limited from 2017 to 2018.,Employer sector not determined,https://handbook.aph.gov.au/parliamentarians/291406
291406,"SMALL, Benjamin (Ben) John",Member,Liberal Party of Australia,WA,Forrest,Operations Manager at Farstad Shipping from 2016 to 2017.,Employer sector not determined,https://handbook.aph.gov.au/parliamentarians/291406
291406,"SMALL, Benjamin (Ben) John",Member,Liberal Party of Australia,WA,Forrest,Chief Officer at Farstad Shipping from 2013 to 2016.,Employer sector not determined,https://handbook.aph.gov.au/parliamentarians/291406
291406,"SMALL, Benjamin (Ben) John",Member,Liberal Party of Australia,WA,Forrest,Second Officer at Farstad Shipping from 2009 to 2013.,Employer sector not determined,https://handbook.aph.gov.au/parliamentarians/291406
291406,"SMALL, Benjamin (Ben) John",Member,Liberal Party of Australia,WA,Forrest,Deck Officer Cadet at BP Shipping Limited from 2006 to 2009.,Employer sector not determined,https://handbook.aph.gov.au/parliamentarians/291406
276714,"SMITH, David Philip Benedict",Member,Australian Labor Party,ACT,Bean,Director at Professionals Australia (ACT) from 2007 to 2018.,Employer sector not determined,https://handbook.aph.gov.au/parliamentarians/276714
276714,"SMITH, David Philip Benedict",Member,Australian Labor Party,ACT,Bean,Manager of Industrial Relations at the Australian Federal Police Association from 2005 to 2007.,Employer sector not determined,https://handbook.aph.gov.au/parliamentarians/276714
276714,"SMITH, David Philip Benedict",Member,Australian Labor Party,ACT,Bean,Senior Policy Officer at the Chief Minister's Directorate (ACT) from 2002 to 2005.,Employer sector not determined,https://handbook.aph.gov.au/parliamentarians/276714
241710,"SMITH, Dean Anthony",Senator,Liberal Party of Australia,WA,,Owner of Smith&Duda Consulting from 2011 to 2012.,Employer sector not determined,https://handbook.aph.gov.au/parliamentarians/241710
241710,"SMITH, Dean Anthony",Senator,Liberal Party of Australia,WA,,General Manager of Government Affairs at SingTel Optus from 2005 to 2009.,Employer sector not determined,https://handbook.aph.gov.au/parliamentarians/241710
241710,"SMITH, Dean Anthony",Senator,Liberal Party of Australia,WA,,Head of Insurance Strategy at IAG from 2004 to 2005.,Employer sector not determined,https://handbook.aph.gov.au/parliamentarians/241710
241710,"SMITH, Dean Anthony",Senator,Liberal Party of Australia,WA,,"Special Adviser to the Minister for Justice and Customs, 2002.",Political employment,https://handbook.aph.gov.au/parliamentarians/241710
241710,"SMITH, Dean Anthony",Senator,Liberal Party of Australia,WA,,General Manager for Government Relations at IAG from 2002 to 2004.,Employer sector not determined,https://handbook.aph.gov.au/parliamentarians/241710
241710,"SMITH, Dean Anthony",Senator,Liberal Party of Australia,WA,,Chief of Staff to the Minister for Ageing from 2001 to 2002.,Political employment,https://handbook.aph.gov.au/parliamentarians/241710
241710,"SMITH, Dean Anthony",Senator,Liberal Party of Australia,WA,,Senior Adviser to the Prime Minister from September to October 1998.,Political employment,https://handbook.aph.gov.au/parliamentarians/241710
241710,"SMITH, Dean Anthony",Senator,Liberal Party of Australia,WA,,Principal Policy Adviser to the Premier (WA) from 1998 to 2001.,Political employment,https://handbook.aph.gov.au/parliamentarians/241710
241710,"SMITH, Dean Anthony",Senator,Liberal Party of Australia,WA,,Manager of Parliamentary and Policy for the Liberal Party Federal Secretariat from 1996 to 1998.,Employer sector not determined,https://handbook.aph.gov.au/parliamentarians/241710
281603,"SMITH, Marielle Feuerherdt",Senator,Australian Labor Party,SA,,Senior Policy Adviser from 2013 to 2019.,Employer sector not determined,https://handbook.aph.gov.au/parliamentarians/281603
281603,"SMITH, Marielle Feuerherdt",Senator,Australian Labor Party,SA,,Board Member from 2013 to 2019.,Employer sector not determined,https://handbook.aph.gov.au/parliamentarians/281603
281603,"SMITH, Marielle Feuerherdt",Senator,Australian Labor Party,SA,,Business Development and Government Relations Manager from 2012 to 2013.,Employer sector not determined,https://handbook.aph.gov.au/parliamentarians/281603
281603,"SMITH, Marielle Feuerherdt",Senator,Australian Labor Party,SA,,Ministerial Adviser from 2010 to 2012.,Political employment,https://handbook.aph.gov.au/parliamentarians/281603
281603,"SMITH, Marielle Feuerherdt",Senator,Australian Labor Party,SA,,Adviser in the Department of Prime Minister and Cabinet from 2009 to 2010.,Political employment,https://handbook.aph.gov.au/parliamentarians/281603
281603,"SMITH, Marielle Feuerherdt",Senator,Australian Labor Party,SA,,Researcher from 2005 to 2008.,Employer sector not determined,https://handbook.aph.gov.au/parliamentarians/281603
312393,"SMITH, Matt",Member,Australian Labor Party,Qld,Leichhardt,Not recorded,Unknown,https://handbook.aph.gov.au/parliamentarians/312393
298618,"SOON, Zhi",Member,Australian Labor Party,NSW,Banks,Senior Executive,Employer sector not determined,https://handbook.aph.gov.au/parliamentarians/298618
298618,"SOON, Zhi",Member,Australian Labor Party,NSW,Banks,Education Policy Leader,Employer sector not determined,https://handbook.aph.gov.au/parliamentarians/298618
298618,"SOON, Zhi",Member,Australian Labor Party,NSW,Banks,Public Policy and Behavioural Economics Leader,Employer sector not determined,https://handbook.aph.gov.au/parliamentarians/298618
298618,"SOON, Zhi",Member,Australian Labor Party,NSW,Banks,Australian Diplomat,Employer sector not determined,https://handbook.aph.gov.au/parliamentarians/298618
298618,"SOON, Zhi",Member,Australian Labor Party,NSW,Banks,Lawyer,Employer sector not determined,https://handbook.aph.gov.au/parliamentarians/298618
298618,"SOON, Zhi",Member,Australian Labor Party,NSW,Banks,Management Consultant,Employer sector not determined,https://handbook.aph.gov.au/parliamentarians/298618
286042,"SPENDER, Allegra",Member,Community Strong Australia,NSW,Wentworth,CEO of the Australian Business and Community Network from 2017 to 2021.,Employer sector not determined,https://handbook.aph.gov.au/parliamentarians/286042
286042,"SPENDER, Allegra",Member,Community Strong Australia,NSW,Wentworth,Chair of the Sydney Renewable Power Company from 2013 to 2020.,Employer sector not determined,https://handbook.aph.gov.au/parliamentarians/286042
286042,"SPENDER, Allegra",Member,Community Strong Australia,NSW,Wentworth,Managing Director of Carla Zampatti Pty. Ltd. from 2008 to 2016.,Employer sector not determined,https://handbook.aph.gov.au/parliamentarians/286042
286042,"SPENDER, Allegra",Member,Community Strong Australia,NSW,Wentworth,"Change Leader at King's College Hospital, London, from 2005 to 2007.",Employer sector not determined,https://handbook.aph.gov.au/parliamentarians/286042
286042,"SPENDER, Allegra",Member,Community Strong Australia,NSW,Wentworth,"Policy Analyst at the UK Treasury, 2003.",Employer sector not determined,https://handbook.aph.gov.au/parliamentarians/286042
286042,"SPENDER, Allegra",Member,Community Strong Australia,NSW,Wentworth,Business Analyst at McKinsey & Company from 2001 to 2003.,Employer sector not determined,https://handbook.aph.gov.au/parliamentarians/286042
265990,"STANLEY, Anne Maree",Member,Australian Labor Party,NSW,Werriwa,Electorate officer from 2008 to 2016.,Political employment,https://handbook.aph.gov.au/parliamentarians/265990
265990,"STANLEY, Anne Maree",Member,Australian Labor Party,NSW,Werriwa,Bank officer from 1979 to 2008.,Employer sector not determined,https://handbook.aph.gov.au/parliamentarians/265990
250156,"STEELE-JOHN, Jordon Alexander",Senator,Australian Greens,WA,,Student.,Employer sector not determined,https://handbook.aph.gov.au/parliamentarians/250156
250156,"STEELE-JOHN, Jordon Alexander",Senator,Australian Greens,WA,,Disability advocate and activist.,Employer sector not determined,https://handbook.aph.gov.au/parliamentarians/250156
250156,"STEELE-JOHN, Jordon Alexander",Senator,Australian Greens,WA,,Youth advocate and activist.,Employer sector not determined,https://handbook.aph.gov.au/parliamentarians/250156
175696,"STEGGALL, Zali, OAM",Member,Community Strong Australia,NSW,Warringah,Barrister from 2008 to 2019,Employer sector not determined,https://handbook.aph.gov.au/parliamentarians/175696
175696,"STEGGALL, Zali, OAM",Member,Community Strong Australia,NSW,Warringah,Professional Athlete (Alpine Skiing) from 1990 to 2002,Employer sector not determined,https://handbook.aph.gov.au/parliamentarians/175696
E68,"STERLE, Glenn",Senator,Australian Labor Party,WA,,Councillor for the Transport Workers' Union from 1998 to 2005.,Union / worker organisation,https://handbook.aph.gov.au/parliamentarians/E68
E68,"STERLE, Glenn",Senator,Australian Labor Party,WA,,Organiser for the Transport Workers' Union from 1991 to 2005.,Union / worker organisation,https://handbook.aph.gov.au/parliamentarians/E68
E68,"STERLE, Glenn",Senator,Australian Labor Party,WA,,Member of the Branch Management Committee for the Transport Workers' Union from 1991 to 2005.,Union / worker organisation,https://handbook.aph.gov.au/parliamentarians/E68
E68,"STERLE, Glenn",Senator,Australian Labor Party,WA,,"Furniture removalist, truck driver and owner-operator from 1977 to 1991.",Employer sector not determined,https://handbook.aph.gov.au/parliamentarians/E68
299352,"STEWART, Jana Naretha Ann",Senator,Australian Labor Party,Vic,,Public Servant from 2019 to 2021.,Public service / defence (explicit role),https://handbook.aph.gov.au/parliamentarians/299352
299352,"STEWART, Jana Naretha Ann",Senator,Australian Labor Party,Vic,,Senior Adviser from 2018 to 2019.,Employer sector not determined,https://handbook.aph.gov.au/parliamentarians/299352
299352,"STEWART, Jana Naretha Ann",Senator,Australian Labor Party,Vic,,Aboriginal Facilitator in the Public Service from 2013 to 2018.,Public service / defence (explicit role),https://handbook.aph.gov.au/parliamentarians/299352
299352,"STEWART, Jana Naretha Ann",Senator,Australian Labor Party,Vic,,"Family Therapist and Trainer at the Bouverie Centre, La Trobe University from 2009 to 2013.",Employer sector not determined,https://handbook.aph.gov.au/parliamentarians/299352
299352,"STEWART, Jana Naretha Ann",Senator,Australian Labor Party,Vic,,Case Manager and Learning and Development Officer for the Victorian Aboriginal Child Care Agency from 2005 to 2009.,Employer sector not determined,https://handbook.aph.gov.au/parliamentarians/299352
264170,"SWANSON, Meryl Jane",Member,Australian Labor Party,NSW,Paterson,Radio Broadcaster from 2004 to 2016.,Employer sector not determined,https://handbook.aph.gov.au/parliamentarians/264170
264170,"SWANSON, Meryl Jane",Member,Australian Labor Party,NSW,Paterson,Small business owner and cafe operator from 2001 to 2004.,Private enterprise (explicit role),https://handbook.aph.gov.au/parliamentarians/264170
264170,"SWANSON, Meryl Jane",Member,Australian Labor Party,NSW,Paterson,Student and mother from 1998 to 2001.,Employer sector not determined,https://handbook.aph.gov.au/parliamentarians/264170
264170,"SWANSON, Meryl Jane",Member,Australian Labor Party,NSW,Paterson,"Executive Director for Hunter Tourism, 1997.",Employer sector not determined,https://handbook.aph.gov.au/parliamentarians/264170
264170,"SWANSON, Meryl Jane",Member,Australian Labor Party,NSW,Paterson,"Electorate Officer for J Fitzgibbon, MP from 1996 to 1997.",Political employment,https://handbook.aph.gov.au/parliamentarians/264170
264170,"SWANSON, Meryl Jane",Member,Australian Labor Party,NSW,Paterson,Business Manager for the Hunter Region Organisation of Councils from 1993 to 1996.,Employer sector not determined,https://handbook.aph.gov.au/parliamentarians/264170
264170,"SWANSON, Meryl Jane",Member,Australian Labor Party,NSW,Paterson,"Radio Presenter for 2KO, 1992.",Employer sector not determined,https://handbook.aph.gov.au/parliamentarians/264170
264170,"SWANSON, Meryl Jane",Member,Australian Labor Party,NSW,Paterson,"Researcher,  Producer and Reporter for NBN Television from 1991 to 1993.",Employer sector not determined,https://handbook.aph.gov.au/parliamentarians/264170
231027,"TAYLOR, the Hon. Angus James",Member,Liberal Party of Australia,NSW,Hume,Co-founder and Director of Eastern Australia Irrigation from 2007.,Employer sector not determined,https://handbook.aph.gov.au/parliamentarians/231027
231027,"TAYLOR, the Hon. Angus James",Member,Liberal Party of Australia,NSW,Hume,Director at Port Jackson Partners from 2002.,Employer sector not determined,https://handbook.aph.gov.au/parliamentarians/231027
231027,"TAYLOR, the Hon. Angus James",Member,Liberal Party of Australia,NSW,Hume,"Co-founder, shareholder and adviser of Farm Partnerships Australia and Growth Farms Australia from 1998.",Employer sector not determined,https://handbook.aph.gov.au/parliamentarians/231027
231027,"TAYLOR, the Hon. Angus James",Member,Liberal Party of Australia,NSW,Hume,Programme Director at Rabobank's Farm Leadership Programmes from 1998.,Employer sector not determined,https://handbook.aph.gov.au/parliamentarians/231027
231027,"TAYLOR, the Hon. Angus James",Member,Liberal Party of Australia,NSW,Hume,Partner at McKinsey and Co. from 1994 to 2001.,Employer sector not determined,https://handbook.aph.gov.au/parliamentarians/231027
314526,"TEESDALE, Jess",Member,Australian Labor Party,Tas,Bass,Teacher from 2011 to 2025.,Employer sector not determined,https://handbook.aph.gov.au/parliamentarians/314526
210911,"TEHAN, the Hon. Daniel (Dan) Thomas",Member,Liberal Party of Australia,Vic,Wannon,Deputy Director of the Liberal Party (Vic.) from 2008 to 2009.,Employer sector not determined,https://handbook.aph.gov.au/parliamentarians/210911
210911,"TEHAN, the Hon. Daniel (Dan) Thomas",Member,Liberal Party of Australia,Vic,Wannon,Director of Trade Policy and International Affairs at the Australian Chamber of Commerce and Industry from 2007 to 2008.,Employer sector not determined,https://handbook.aph.gov.au/parliamentarians/210911
210911,"TEHAN, the Hon. Daniel (Dan) Thomas",Member,Liberal Party of Australia,Vic,Wannon,Chief of Staff to the Minister for Small Business and Tourism from 2006 to 2007.,Political employment,https://handbook.aph.gov.au/parliamentarians/210911
210911,"TEHAN, the Hon. Daniel (Dan) Thomas",Member,Liberal Party of Australia,Vic,Wannon,Senior Adviser to the Deputy Prime Minister from 2005 to 2006.,Political employment,https://handbook.aph.gov.au/parliamentarians/210911
210911,"TEHAN, the Hon. Daniel (Dan) Thomas",Member,Liberal Party of Australia,Vic,Wannon,Trade Adviser to the Minister for Trade from 2002 to 2005.,Political employment,https://handbook.aph.gov.au/parliamentarians/210911
210911,"TEHAN, the Hon. Daniel (Dan) Thomas",Member,Liberal Party of Australia,Vic,Wannon,Diplomat from 1999 to 2001.,Employer sector not determined,https://handbook.aph.gov.au/parliamentarians/210911
210911,"TEHAN, the Hon. Daniel (Dan) Thomas",Member,Liberal Party of Australia,Vic,Wannon,Officer at the Department of Foreign Affairs and Trade from 1995 to 1998.,Employer sector not determined,https://handbook.aph.gov.au/parliamentarians/210911
210911,"TEHAN, the Hon. Daniel (Dan) Thomas",Member,Liberal Party of Australia,Vic,Wannon,"Farm hand, 1986.",Employer sector not determined,https://handbook.aph.gov.au/parliamentarians/210911
181810,"TEMPLEMAN, Susan Raye",Member,Australian Labor Party,NSW,Macquarie,Media and Communications Trainer from 1991 to 2016.,Employer sector not determined,https://handbook.aph.gov.au/parliamentarians/181810
181810,"TEMPLEMAN, Susan Raye",Member,Australian Labor Party,NSW,Macquarie,Media Relations for Telecom from 1990 to 1991.,Employer sector not determined,https://handbook.aph.gov.au/parliamentarians/181810
181810,"TEMPLEMAN, Susan Raye",Member,Australian Labor Party,NSW,Macquarie,Foreign Correspondent in London for Austereo from 1989 to 1990.,Employer sector not determined,https://handbook.aph.gov.au/parliamentarians/181810
181810,"TEMPLEMAN, Susan Raye",Member,Australian Labor Party,NSW,Macquarie,News Editor for the London Broadcasting Corporation from 1989 to 1990.,Employer sector not determined,https://handbook.aph.gov.au/parliamentarians/181810
181810,"TEMPLEMAN, Susan Raye",Member,Australian Labor Party,NSW,Macquarie,Foreign Correspondent in New York for 2UE from 1988 to 1989.,Employer sector not determined,https://handbook.aph.gov.au/parliamentarians/181810
181810,"TEMPLEMAN, Susan Raye",Member,Australian Labor Party,NSW,Macquarie,Journalist in the Federal Parliament Press Gallery for 2UE from 1985 to 1988.,Employer sector not determined,https://handbook.aph.gov.au/parliamentarians/181810
182468,"THISTLETHWAITE, the Hon. Matthew (Matt) James",Member,Australian Labor Party,NSW,Kingsford Smith,Solicitor for Mallesons Stephen Jaques from 2010 to 2011.,Employer sector not determined,https://handbook.aph.gov.au/parliamentarians/182468
182468,"THISTLETHWAITE, the Hon. Matthew (Matt) James",Member,Australian Labor Party,NSW,Kingsford Smith,Deputy Secretary of Unions NSW from 2004 to 2008.,Employer sector not determined,https://handbook.aph.gov.au/parliamentarians/182468
182468,"THISTLETHWAITE, the Hon. Matthew (Matt) James",Member,Australian Labor Party,NSW,Kingsford Smith,Industrial Officer for the Australian Workers' Union from 1995 to 2004.,Union / worker organisation,https://handbook.aph.gov.au/parliamentarians/182468
281826,"THOMPSON, Phillip Bruce, OAM",Member,Liberal Party of Australia,Qld,Herbert,Director of Swiss 8 from 2018 to 2019.,Employer sector not determined,https://handbook.aph.gov.au/parliamentarians/281826
281826,"THOMPSON, Phillip Bruce, OAM",Member,Liberal Party of Australia,Qld,Herbert,Director of the Australian Pain Management Association from 2017 to 2018.,Employer sector not determined,https://handbook.aph.gov.au/parliamentarians/281826
281826,"THOMPSON, Phillip Bruce, OAM",Member,Liberal Party of Australia,Qld,Herbert,Company Secretary of JobTrain from 2017 to 2018.,Employer sector not determined,https://handbook.aph.gov.au/parliamentarians/281826
281826,"THOMPSON, Phillip Bruce, OAM",Member,Liberal Party of Australia,Qld,Herbert,Special Projects Manager at Selectability from 2017 to 2018.,Employer sector not determined,https://handbook.aph.gov.au/parliamentarians/281826
281826,"THOMPSON, Phillip Bruce, OAM",Member,Liberal Party of Australia,Qld,Herbert,Director of the Royal Australian Regiment Corp from 2016 to 2019.,Employer sector not determined,https://handbook.aph.gov.au/parliamentarians/281826
281826,"THOMPSON, Phillip Bruce, OAM",Member,Liberal Party of Australia,Qld,Herbert,Infantry Soldier in the Department of Defence from 2006 to 2011.,Employer sector not determined,https://handbook.aph.gov.au/parliamentarians/281826
280304,"THORPE, Lidia Alma",Senator,Independent,Vic,,Indigenous Lead for Amnesty International from 2019 to 2020.,Employer sector not determined,https://handbook.aph.gov.au/parliamentarians/280304
280304,"THORPE, Lidia Alma",Senator,Independent,Vic,,Facilitator and Fundraiser for Grandmothers Against Removals from 2018 to 2019.,Employer sector not determined,https://handbook.aph.gov.au/parliamentarians/280304
280304,"THORPE, Lidia Alma",Senator,Independent,Vic,,Managing Director of the Clan Corporation from 2016 to 2017.,Employer sector not determined,https://handbook.aph.gov.au/parliamentarians/280304
280304,"THORPE, Lidia Alma",Senator,Independent,Vic,,Adviser to the Municipal Association (Vic.) from 2013 to 2016.,Employer sector not determined,https://handbook.aph.gov.au/parliamentarians/280304
280304,"THORPE, Lidia Alma",Senator,Independent,Vic,,Manager at the East Gippsland Shire Council from 2011 to 2013.,Employer sector not determined,https://handbook.aph.gov.au/parliamentarians/280304
280304,"THORPE, Lidia Alma",Senator,Independent,Vic,,Managing Director of Victorian Aboriginal Events Management from 2010 to 2013.,Employer sector not determined,https://handbook.aph.gov.au/parliamentarians/280304
280304,"THORPE, Lidia Alma",Senator,Independent,Vic,,"Manager of the Lake Tyers Aboriginal Training Centre, 2010.",Employer sector not determined,https://handbook.aph.gov.au/parliamentarians/280304
280304,"THORPE, Lidia Alma",Senator,Independent,Vic,,Chairperson of NAIDOC Victoria.,Employer sector not determined,https://handbook.aph.gov.au/parliamentarians/280304
280304,"THORPE, Lidia Alma",Senator,Independent,Vic,,First Nations Consultant for the Australian Conservation Foundation.,Employer sector not determined,https://handbook.aph.gov.au/parliamentarians/280304
280304,"THORPE, Lidia Alma",Senator,Independent,Vic,,Chief Treaty Negotiator for the Traditional Owner Land Justice Group (Vic.).,Employer sector not determined,https://handbook.aph.gov.au/parliamentarians/280304
280304,"THORPE, Lidia Alma",Senator,Independent,Vic,,Consultant for the Central Highlands Forest Campaign.,Employer sector not determined,https://handbook.aph.gov.au/parliamentarians/280304
282212,"THWAITES, the Hon. Kate Lynne",Member,Australian Labor Party,Vic,Jagajaga,Public Servant from 2015 to 2019.,Public service / defence (explicit role),https://handbook.aph.gov.au/parliamentarians/282212
282212,"THWAITES, the Hon. Kate Lynne",Member,Australian Labor Party,Vic,Jagajaga,"Adviser to J Macklin, MP from 2010 to 2013.",Employer sector not determined,https://handbook.aph.gov.au/parliamentarians/282212
282212,"THWAITES, the Hon. Kate Lynne",Member,Australian Labor Party,Vic,Jagajaga,Media Adviser for Oxfam Australia from 2008 to 2010. ,Employer sector not determined,https://handbook.aph.gov.au/parliamentarians/282212
282212,"THWAITES, the Hon. Kate Lynne",Member,Australian Labor Party,Vic,Jagajaga,Journalist for ABC News from 2002 to 2008.,Employer sector not determined,https://handbook.aph.gov.au/parliamentarians/282212
300639,"TYRRELL, Tammy Marie",Senator,Australian Labor Party,Tas,,Employment Advisor from 2018 to 2020.,Employer sector not determined,https://handbook.aph.gov.au/parliamentarians/300639
300639,"TYRRELL, Tammy Marie",Senator,Australian Labor Party,Tas,,Electorate Officer from 2014 to 2022.,Political employment,https://handbook.aph.gov.au/parliamentarians/300639
300639,"TYRRELL, Tammy Marie",Senator,Australian Labor Party,Tas,,Customer Service Representative from 2013 to 2014.,Employer sector not determined,https://handbook.aph.gov.au/parliamentarians/300639
300639,"TYRRELL, Tammy Marie",Senator,Australian Labor Party,Tas,,Employment Training Advisor from 2006 to 2012.,Employer sector not determined,https://handbook.aph.gov.au/parliamentarians/300639
300639,"TYRRELL, Tammy Marie",Senator,Australian Labor Party,Tas,,Corporate Services and Community Development Assistant from 2005 to 2006.,Employer sector not determined,https://handbook.aph.gov.au/parliamentarians/300639
300639,"TYRRELL, Tammy Marie",Senator,Australian Labor Party,Tas,,Farm and General Labourer from 1998 to 2005.,Employer sector not determined,https://handbook.aph.gov.au/parliamentarians/300639
300639,"TYRRELL, Tammy Marie",Senator,Australian Labor Party,Tas,,Administrative Assistant from 1995 to 2005.,Employer sector not determined,https://handbook.aph.gov.au/parliamentarians/300639
231199,"URQUHART, Anne Elizabeth",Member,Australian Labor Party,Tas,Braddon,Secretary of the Australian Manufacturing Workers' Union (Tas.) from 2004 to 2010.,Union / worker organisation,https://handbook.aph.gov.au/parliamentarians/231199
231199,"URQUHART, Anne Elizabeth",Member,Australian Labor Party,Tas,Braddon,President of the Australian Manufacturing Workers' Union (Tas.) from 1998 to 2004.,Union / worker organisation,https://handbook.aph.gov.au/parliamentarians/231199
231199,"URQUHART, Anne Elizabeth",Member,Australian Labor Party,Tas,Braddon,Organiser for the Food Preservers' Union from 1990 to 1998.,Union / worker organisation,https://handbook.aph.gov.au/parliamentarians/231199
231199,"URQUHART, Anne Elizabeth",Member,Australian Labor Party,Tas,Braddon,Process worker from 1979 to 1990.,Employer sector not determined,https://handbook.aph.gov.au/parliamentarians/231199
315434,"VENNING, Tom",Member,Liberal Party of Australia,SA,Grey,Not recorded,Unknown,https://handbook.aph.gov.au/parliamentarians/315434
300147,"VIOLI, Aaron",Member,Liberal Party of Australia,Vic,Casey,Head of Partnerships,Employer sector not determined,https://handbook.aph.gov.au/parliamentarians/300147
300147,"VIOLI, Aaron",Member,Liberal Party of Australia,Vic,Casey,Senior Manager,Employer sector not determined,https://handbook.aph.gov.au/parliamentarians/300147
300147,"VIOLI, Aaron",Member,Liberal Party of Australia,Vic,Casey,Regional Partnerships Manager,Employer sector not determined,https://handbook.aph.gov.au/parliamentarians/300147
300147,"VIOLI, Aaron",Member,Liberal Party of Australia,Vic,Casey,Field Sales Head,Employer sector not determined,https://handbook.aph.gov.au/parliamentarians/300147
300147,"VIOLI, Aaron",Member,Liberal Party of Australia,Vic,Casey,Field Sales Manager,Employer sector not determined,https://handbook.aph.gov.au/parliamentarians/300147
300147,"VIOLI, Aaron",Member,Liberal Party of Australia,Vic,Casey,National Sales Manager,Employer sector not determined,https://handbook.aph.gov.au/parliamentarians/300147
316818,"WALKER, Charlotte Grace",Senator,Australian Labor Party,SA,,Union Official from 2024 to 2025.,Union / worker organisation,https://handbook.aph.gov.au/parliamentarians/316818
316818,"WALKER, Charlotte Grace",Senator,Australian Labor Party,SA,,Electorate Officer from 2022 to 2023.,Political employment,https://handbook.aph.gov.au/parliamentarians/316818
265967,"WALLACE, Andrew Bruce",Member,Liberal Party of Australia,Qld,Fisher,Barrister from 2000 to 2016.,Employer sector not determined,https://handbook.aph.gov.au/parliamentarians/265967
265967,"WALLACE, Andrew Bruce",Member,Liberal Party of Australia,Qld,Fisher,Carpenter and joiner/builder from 1987 to 2016.,Employer sector not determined,https://handbook.aph.gov.au/parliamentarians/265967
252157,"WALSH, the Hon. Dr Jess Cecille",Senator,Australian Labor Party,Vic,,Secretary of United Voice (Vic.) from 2007 to 2019.,Employer sector not determined,https://handbook.aph.gov.au/parliamentarians/252157
252157,"WALSH, the Hon. Dr Jess Cecille",Senator,Australian Labor Party,Vic,,Assistant Secretary of United Voice (Vic.) from 2006 to 2007.,Employer sector not determined,https://handbook.aph.gov.au/parliamentarians/252157
252157,"WALSH, the Hon. Dr Jess Cecille",Senator,Australian Labor Party,Vic,,Researcher and Organiser for United Voice (Vic.) from 2002 to 2006.,Employer sector not determined,https://handbook.aph.gov.au/parliamentarians/252157
252157,"WALSH, the Hon. Dr Jess Cecille",Senator,Australian Labor Party,Vic,,"Research Fellow at the Economic Policy Institute, Washington DC (USA) from 1999 to 2000.",Employer sector not determined,https://handbook.aph.gov.au/parliamentarians/252157
252157,"WALSH, the Hon. Dr Jess Cecille",Senator,Australian Labor Party,Vic,,"Research Fellow at the Institute for Policy Studies, John Hopkins University (USA) from 1998 to 1999.",Employer sector not determined,https://handbook.aph.gov.au/parliamentarians/252157
192970,"WATERS, Larissa Joy",Senator,Australian Greens,Qld,,Community environmental lawyer at the Environmental Defender's Office (Qld) from 2002 to 2011.,Employer sector not determined,https://handbook.aph.gov.au/parliamentarians/192970
192970,"WATERS, Larissa Joy",Senator,Australian Greens,Qld,,Graduate lawyer at Freehills from 2001 to 2002.,Employer sector not determined,https://handbook.aph.gov.au/parliamentarians/192970
192970,"WATERS, Larissa Joy",Senator,Australian Greens,Qld,,Legal researcher at the Land and Resources Tribunal from 2000 to 2001.,Employer sector not determined,https://handbook.aph.gov.au/parliamentarians/192970
300127,"WATSON-BROWN, Elizabeth",Member,Australian Greens,Qld,Ryan,Adjunct Professor at the University of Queensland from 2009 to 2021.,Employer sector not determined,https://handbook.aph.gov.au/parliamentarians/300127
300127,"WATSON-BROWN, Elizabeth",Member,Australian Greens,Qld,Ryan,Architect from 1980 to 2021.,Employer sector not determined,https://handbook.aph.gov.au/parliamentarians/300127
245759,"WATT, the Hon. Murray Patrick",Senator,Australian Labor Party,Qld,,Senior Associate at Maurice Blackburn Lawyers from 2012 to 2016.,Employer sector not determined,https://handbook.aph.gov.au/parliamentarians/245759
245759,"WATT, the Hon. Murray Patrick",Senator,Australian Labor Party,Qld,,Executive Director of Policy Development at the Department of Premier and Cabinet (Qld) from 2008 to 2009.,Employer sector not determined,https://handbook.aph.gov.au/parliamentarians/245759
245759,"WATT, the Hon. Murray Patrick",Senator,Australian Labor Party,Qld,,Director of Policy Development at the Department of State Development (Qld) from 2007 to 2008.,Employer sector not determined,https://handbook.aph.gov.au/parliamentarians/245759
245759,"WATT, the Hon. Murray Patrick",Senator,Australian Labor Party,Qld,,Chief of Staff to the Premier A Bligh (Qld) from 2002 to 2007.,Employer sector not determined,https://handbook.aph.gov.au/parliamentarians/245759
245759,"WATT, the Hon. Murray Patrick",Senator,Australian Labor Party,Qld,,Solicitor at Maurice Blackburn Lawyers and Reidy and Tonkin from 2000 to 2002.,Employer sector not determined,https://handbook.aph.gov.au/parliamentarians/245759
245759,"WATT, the Hon. Murray Patrick",Senator,Australian Labor Party,Qld,,Associate to the Hon. P Gray at the Federal Court of Australia from 1999 to 2000.,Employer sector not determined,https://handbook.aph.gov.au/parliamentarians/245759
245759,"WATT, the Hon. Murray Patrick",Senator,Australian Labor Party,Qld,,Articled Clerk at Blake Dawson Waldron Solicitors from 1997 to 1999.,Employer sector not determined,https://handbook.aph.gov.au/parliamentarians/245759
193430,"WATTS, the Hon. Timothy (Tim) Graham",Member,Australian Labor Party,Vic,Gellibrand,"Senior Adviser to the Hon. J Brumby, 2009.",Employer sector not determined,https://handbook.aph.gov.au/parliamentarians/193430
193430,"WATTS, the Hon. Timothy (Tim) Graham",Member,Australian Labor Party,Vic,Gellibrand,Manager at Telstra from 2009 to 2013.,Employer sector not determined,https://handbook.aph.gov.au/parliamentarians/193430
193430,"WATTS, the Hon. Timothy (Tim) Graham",Member,Australian Labor Party,Vic,Gellibrand,Deputy Chief of Staff to Senator the Hon. S Conroy from 2008 to 2009.,Employer sector not determined,https://handbook.aph.gov.au/parliamentarians/193430
193430,"WATTS, the Hon. Timothy (Tim) Graham",Member,Australian Labor Party,Vic,Gellibrand,Deputy Chief of Staff to Senator the Hon. S Conroy from 2005 to 2007.,Employer sector not determined,https://handbook.aph.gov.au/parliamentarians/193430
193430,"WATTS, the Hon. Timothy (Tim) Graham",Member,Australian Labor Party,Vic,Gellibrand,Solicitor at Mallesons Stephen Jaques from 2003 to 2005.,Employer sector not determined,https://handbook.aph.gov.au/parliamentarians/193430
281688,"WEBSTER, Dr Anne Elizabeth",Member,The Nationals,Vic,Mallee,Founder and Director of Zoe Support Australia from 2011 to 2019.,Employer sector not determined,https://handbook.aph.gov.au/parliamentarians/281688
281688,"WEBSTER, Dr Anne Elizabeth",Member,The Nationals,Vic,Mallee,Image Consultant from 2000 to 2007.,Employer sector not determined,https://handbook.aph.gov.au/parliamentarians/281688
281688,"WEBSTER, Dr Anne Elizabeth",Member,The Nationals,Vic,Mallee,School music teacher from 1990 to 2008.,Employer sector not determined,https://handbook.aph.gov.au/parliamentarians/281688
281688,"WEBSTER, Dr Anne Elizabeth",Member,The Nationals,Vic,Mallee,Music teacher and performer from 1990 to 2002.,Employer sector not determined,https://handbook.aph.gov.au/parliamentarians/281688
281688,"WEBSTER, Dr Anne Elizabeth",Member,The Nationals,Vic,Mallee,Professional seamstress from 1990 to 2000.,Employer sector not determined,https://handbook.aph.gov.au/parliamentarians/281688
281688,"WEBSTER, Dr Anne Elizabeth",Member,The Nationals,Vic,Mallee,Parenting from 1983.,Employer sector not determined,https://handbook.aph.gov.au/parliamentarians/281688
264121,"WELLS, the Hon. Anika Shay",Member,Australian Labor Party,Qld,Lilley,Lawyer at Maurice Blackburn from 2014 to 2019.,Employer sector not determined,https://handbook.aph.gov.au/parliamentarians/264121
224102,"WHITE, the Hon Rebecca Peta",Member,Australian Labor Party,Tas,Lyons,Not recorded,Unknown,https://handbook.aph.gov.au/parliamentarians/224102
316555,"WHITEAKER, Ellie",Senator,Australian Labor Party,WA,,Electorate Officer for Senator Louise Pratt from July 2016 to May 2018.,Political employment,https://handbook.aph.gov.au/parliamentarians/316555
316555,"WHITEAKER, Ellie",Senator,Australian Labor Party,WA,,Organiser for the Australian Manufacturing Workers Union from March 2013 to July 2016.,Union / worker organisation,https://handbook.aph.gov.au/parliamentarians/316555
316555,"WHITEAKER, Ellie",Senator,Australian Labor Party,WA,,Organiser for Unions WA from August 2012 to March 2013.,Employer sector not determined,https://handbook.aph.gov.au/parliamentarians/316555
317026,"WHITTEN, Tyron",Senator,One Nation,WA,,Business Owner in Civil Construction,Private enterprise (explicit role),https://handbook.aph.gov.au/parliamentarians/317026
C2T,"WILKIE, Andrew Damien",Member,Independent,Tas,Clark,Small business owner from 2008 to 2010.,Private enterprise (explicit role),https://handbook.aph.gov.au/parliamentarians/C2T
C2T,"WILKIE, Andrew Damien",Member,Independent,Tas,Clark,Writer from 2003 to 2008.,Employer sector not determined,https://handbook.aph.gov.au/parliamentarians/C2T
C2T,"WILKIE, Andrew Damien",Member,Independent,Tas,Clark,Senior Transnational Issues Analyst at the Office of National Assessments from 2002 to 2003.,Employer sector not determined,https://handbook.aph.gov.au/parliamentarians/C2T
C2T,"WILKIE, Andrew Damien",Member,Independent,Tas,Clark,"Manager for Strategic Pursuits at Raytheon Australia, 2001.",Employer sector not determined,https://handbook.aph.gov.au/parliamentarians/C2T
C2T,"WILKIE, Andrew Damien",Member,Independent,Tas,Clark,Senior Strategic Analyst at the Office of National Assessments from 2001 to 2002.,Employer sector not determined,https://handbook.aph.gov.au/parliamentarians/C2T
C2T,"WILKIE, Andrew Damien",Member,Independent,Tas,Clark,Manager for Training Solutions at Raytheon Australia from 2000 to 2001.,Employer sector not determined,https://handbook.aph.gov.au/parliamentarians/C2T
C2T,"WILKIE, Andrew Damien",Member,Independent,Tas,Clark,Served in the Australian Army from 1980 to 2001.,Public service / defence (explicit role),https://handbook.aph.gov.au/parliamentarians/C2T
286535,"WILLCOX, Andrew",Member,The Nationals,Qld,Dawson,Managing Director of Koorelah Farms from 1996 to 2010.,Employer sector not determined,https://handbook.aph.gov.au/parliamentarians/286535
265970,"WILSON, the Hon. Joshua (Josh) Hamilton",Member,Australian Labor Party,WA,Fremantle,"Chief of Staff to the Hon. M Parke, MP from 2007 to 2016.
",Employer sector not determined,https://handbook.aph.gov.au/parliamentarians/265970
265970,"WILSON, the Hon. Joshua (Josh) Hamilton",Member,Australian Labor Party,WA,Fremantle,"Media Adviser to the Hon. C Lawrence, MP from 2004 to 2007.",Employer sector not determined,https://handbook.aph.gov.au/parliamentarians/265970
265970,"WILSON, the Hon. Joshua (Josh) Hamilton",Member,Australian Labor Party,WA,Fremantle,Associate Lecturer at Curtin University from 2001 to 2009.,Employer sector not determined,https://handbook.aph.gov.au/parliamentarians/265970
265970,"WILSON, the Hon. Joshua (Josh) Hamilton",Member,Australian Labor Party,WA,Fremantle,Paralegal at Blake Dawson Waldron from 1998 to 2004.,Employer sector not determined,https://handbook.aph.gov.au/parliamentarians/265970
265970,"WILSON, the Hon. Joshua (Josh) Hamilton",Member,Australian Labor Party,WA,Fremantle,Paralegal at Phillips Fox from 1996 to 1998.,Employer sector not determined,https://handbook.aph.gov.au/parliamentarians/265970
265970,"WILSON, the Hon. Joshua (Josh) Hamilton",Member,Australian Labor Party,WA,Fremantle,"Freelance writer and photographer from 1995 to 2009.
",Employer sector not determined,https://handbook.aph.gov.au/parliamentarians/265970
198084,"WILSON, Richard (Rick) James",Member,Liberal Party of Australia,WA,O'Connor,Chairman of the Grains Committee at the Pastoralists and Graziers Association from 2008 to 2011.,Employer sector not determined,https://handbook.aph.gov.au/parliamentarians/198084
198084,"WILSON, Richard (Rick) James",Member,Liberal Party of Australia,WA,O'Connor,Vice-Chairman of the Grains Committee at the Pastoralists and Graziers Association from 2000 to 2008.,Employer sector not determined,https://handbook.aph.gov.au/parliamentarians/198084
198084,"WILSON, Richard (Rick) James",Member,Liberal Party of Australia,WA,O'Connor,Self-employed farmer from 1990 to 2013.,Private enterprise (explicit role),https://handbook.aph.gov.au/parliamentarians/198084
IMW,"WILSON, the Hon. Timothy (Tim) Robert",Member,Liberal Party of Australia,Vic,Goldstein,Principal Consultant at Dynamic Sunrise Consulting from 2022 to 2025.,Employer sector not determined,https://handbook.aph.gov.au/parliamentarians/IMW
IMW,"WILSON, the Hon. Timothy (Tim) Robert",Member,Liberal Party of Australia,Vic,Goldstein,"Principal Consultant at Dynamic Sunrise Consulting, 2016.",Employer sector not determined,https://handbook.aph.gov.au/parliamentarians/IMW
IMW,"WILSON, the Hon. Timothy (Tim) Robert",Member,Liberal Party of Australia,Vic,Goldstein,Human Rights Commissioner from 2014 to 2016.,Employer sector not determined,https://handbook.aph.gov.au/parliamentarians/IMW
IMW,"WILSON, the Hon. Timothy (Tim) Robert",Member,Liberal Party of Australia,Vic,Goldstein,Contributor and Occasional Host for 3AW 693 Talk Radio from 2012 to 2013.,Employer sector not determined,https://handbook.aph.gov.au/parliamentarians/IMW
IMW,"WILSON, the Hon. Timothy (Tim) Robert",Member,Liberal Party of Australia,Vic,Goldstein,Contributor for Melbourne Talk Radio from 2011 to 2012.,Employer sector not determined,https://handbook.aph.gov.au/parliamentarians/IMW
IMW,"WILSON, the Hon. Timothy (Tim) Robert",Member,Liberal Party of Australia,Vic,Goldstein,Senior Associate at SDA Strategic Communication Consulting from 2007 to 2010.,Employer sector not determined,https://handbook.aph.gov.au/parliamentarians/IMW
IMW,"WILSON, the Hon. Timothy (Tim) Robert",Member,Liberal Party of Australia,Vic,Goldstein,Policy Director at the Institute of Public Affairs from 2007 to 2013.,Employer sector not determined,https://handbook.aph.gov.au/parliamentarians/IMW
IMW,"WILSON, the Hon. Timothy (Tim) Robert",Member,Liberal Party of Australia,Vic,Goldstein,Principal Consultant at Dynamic Sunrise Consulting from 2007 to 2014.,Employer sector not determined,https://handbook.aph.gov.au/parliamentarians/IMW
IMW,"WILSON, the Hon. Timothy (Tim) Robert",Member,Liberal Party of Australia,Vic,Goldstein,"Trade Consultant for ITS Global, 2006.",Employer sector not determined,https://handbook.aph.gov.au/parliamentarians/IMW
IMW,"WILSON, the Hon. Timothy (Tim) Robert",Member,Liberal Party of Australia,Vic,Goldstein,Project Manager for Development at the Australian APEC Study Centre from 2004 to 2006.,Employer sector not determined,https://handbook.aph.gov.au/parliamentarians/IMW
IMW,"WILSON, the Hon. Timothy (Tim) Robert",Member,Liberal Party of Australia,Vic,Goldstein,"President of the Student Union Caulfield, Monash University (Vic.) from 2002 to 2003.",Union / worker organisation,https://handbook.aph.gov.au/parliamentarians/IMW
IMW,"WILSON, the Hon. Timothy (Tim) Robert",Member,Liberal Party of Australia,Vic,Goldstein,"Vice-President of the Student Union Caulfield, Monash University (Vic.), 2001",Union / worker organisation,https://handbook.aph.gov.au/parliamentarians/IMW
IMW,"WILSON, the Hon. Timothy (Tim) Robert",Member,Liberal Party of Australia,Vic,Goldstein,Electorate Officer from 1999 to 2001.,Political employment,https://handbook.aph.gov.au/parliamentarians/IMW
316660,"WITTY, Sarah",Member,Australian Labor Party,Vic,Melbourne,Chief Executive Officer from December 2021 to May 2025.,Employer sector not determined,https://handbook.aph.gov.au/parliamentarians/316660
316660,"WITTY, Sarah",Member,Australian Labor Party,Vic,Melbourne,Nation Partnership Manager from November 2017 to July 2023.,Employer sector not determined,https://handbook.aph.gov.au/parliamentarians/316660
00AOU,"WONG, the Hon. Penelope (Penny) Ying-Yen",Senator,Australian Labor Party,SA,,Legal officer from 1999 to 2002.,Employer sector not determined,https://handbook.aph.gov.au/parliamentarians/00AOU
00AOU,"WONG, the Hon. Penelope (Penny) Ying-Yen",Senator,Australian Labor Party,SA,,Barrister and solicitor from 1996 to 1999.,Employer sector not determined,https://handbook.aph.gov.au/parliamentarians/00AOU
00AOU,"WONG, the Hon. Penelope (Penny) Ying-Yen",Senator,Australian Labor Party,SA,,"Senior Policy Adviser to the Minister for Land and Conservation (NSW), the Hon. K Yeadon from 1995 to 1996.",Political employment,https://handbook.aph.gov.au/parliamentarians/00AOU
00AOU,"WONG, the Hon. Penelope (Penny) Ying-Yen",Senator,Australian Labor Party,SA,,Industrial officer from 1990 to 1994.,Employer sector not determined,https://handbook.aph.gov.au/parliamentarians/00AOU
E0F,"WOOD, the Hon. Jason Peter",Member,Liberal Party of Australia,Vic,La Trobe,Senior Sergeant in the Counter Terrorism Coordination Unit from 2003 to 2004.,Employer sector not determined,https://handbook.aph.gov.au/parliamentarians/E0F
E0F,"WOOD, the Hon. Jason Peter",Member,Liberal Party of Australia,Vic,La Trobe,Detective in the Organised Crime Squad from 1990 to 2000.,Employer sector not determined,https://handbook.aph.gov.au/parliamentarians/E0F
E0F,"WOOD, the Hon. Jason Peter",Member,Liberal Party of Australia,Vic,La Trobe,Police officer (Vic.) from 1988 to 2004.,Public service / defence (explicit role),https://handbook.aph.gov.au/parliamentarians/E0F
201906,"YOUNG, Terry James",Member,Liberal Party of Australia,Qld,Longman,"Franchisee, Drummond Golf, Maroochydore from 2018 to 2019.",Employer sector not determined,https://handbook.aph.gov.au/parliamentarians/201906
201906,"YOUNG, Terry James",Member,Liberal Party of Australia,Qld,Longman,"Franchisee, Drummond Golf, Gosford from 2016 to 2019.",Employer sector not determined,https://handbook.aph.gov.au/parliamentarians/201906
201906,"YOUNG, Terry James",Member,Liberal Party of Australia,Qld,Longman,"Franchisee, Drummond Golf, Lawnton from 2007 to 2012.",Employer sector not determined,https://handbook.aph.gov.au/parliamentarians/201906
201906,"YOUNG, Terry James",Member,Liberal Party of Australia,Qld,Longman,"Joint Venture Partner, The Good Guys, Morayfield from 2001 to 2006.",Employer sector not determined,https://handbook.aph.gov.au/parliamentarians/201906
201906,"YOUNG, Terry James",Member,Liberal Party of Australia,Qld,Longman,"Account Manager, Philips DAP from 1998 to 2000.",Employer sector not determined,https://handbook.aph.gov.au/parliamentarians/201906
201906,"YOUNG, Terry James",Member,Liberal Party of Australia,Qld,Longman,"State Manager, Philips Car Audio from 1997 to 1998.",Employer sector not determined,https://handbook.aph.gov.au/parliamentarians/201906
201906,"YOUNG, Terry James",Member,Liberal Party of Australia,Qld,Longman,"Account Manager, Philips Electronics from 1996 to 1997.",Employer sector not determined,https://handbook.aph.gov.au/parliamentarians/201906
201906,"YOUNG, Terry James",Member,Liberal Party of Australia,Qld,Longman,"Store Manager, Chandlers, Caboolture from 1991 to 1995.",Employer sector not determined,https://handbook.aph.gov.au/parliamentarians/201906
201906,"YOUNG, Terry James",Member,Liberal Party of Australia,Qld,Longman,"Assistant Manager, Chandlers, Kawana Waters from 1989 to 1991.",Employer sector not determined,https://handbook.aph.gov.au/parliamentarians/201906
201906,"YOUNG, Terry James",Member,Liberal Party of Australia,Qld,Longman,"Sales Assistant, Chandlers, Kawana Waters from 1988 to 1989.",Employer sector not determined,https://handbook.aph.gov.au/parliamentarians/201906
201906,"YOUNG, Terry James",Member,Liberal Party of Australia,Qld,Longman,"Sales Assistant, Errol Stewarts, Strathpine from 1986 to 1988.",Employer sector not determined,https://handbook.aph.gov.au/parliamentarians/201906
201906,"YOUNG, Terry James",Member,Liberal Party of Australia,Qld,Longman,"Garage Attendant, Ampol Redcliffe, 1984.",Employer sector not determined,https://handbook.aph.gov.au/parliamentarians/201906
201906,"YOUNG, Terry James",Member,Liberal Party of Australia,Qld,Longman,"Factory hand, James Saddlery, Brendale, 1984. ",Employer sector not determined,https://handbook.aph.gov.au/parliamentarians/201906
201906,"YOUNG, Terry James",Member,Liberal Party of Australia,Qld,Longman,"Storeperson/Sales Assistant, Glenfords Power Tools from 1984 to 1986.",Employer sector not determined,https://handbook.aph.gov.au/parliamentarians/201906
HWB,"ZAPPIA, Antonio (Tony)",Member,Australian Labor Party,SA,Makin,Fitness centre manager from 1981 to 2007.,Employer sector not determined,https://handbook.aph.gov.au/parliamentarians/HWB
HWB,"ZAPPIA, Antonio (Tony)",Member,Australian Labor Party,SA,Makin,Research assistant to Senator the Hon. J Cavanagh from 1976 to 1981.,Employer sector not determined,https://handbook.aph.gov.au/parliamentarians/HWB
HWB,"ZAPPIA, Antonio (Tony)",Member,Australian Labor Party,SA,Makin,Bank officer from 1969 to 1976.,Employer sector not determined,https://handbook.aph.gov.au/parliamentarians/HWB
